,S:CLCL 1-2 Comdty 
,VOLUME
2010-01-04,51487.0
2010-01-05,50959.0
2010-01-06,73411.0
2010-01-07,63937.0
2010-01-08,63360.0
2010-01-11,65466.0
2010-01-12,85687.0
2010-01-13,108979.0
2010-01-14,104809.0
2010-01-15,78050.0
2010-01-19,90297.0
2010-01-20,29096.0
2010-01-21,44118.0
2010-01-22,58265.0
2010-01-25,61341.0
2010-01-26,31058.0
2010-01-27,55413.0
2010-01-28,38296.0
2010-01-29,33939.0
2010-02-01,34395.0
2010-02-02,47377.0
2010-02-03,66176.0
2010-02-04,92182.0
2010-02-05,113994.0
2010-02-08,78335.0
2010-02-09,92713.0
2010-02-10,88141.0
2010-02-11,133272.0
2010-02-12,71092.0
2010-02-16,91648.0
2010-02-17,70498.0
2010-02-18,92725.0
2010-02-19,88807.0
2010-02-22,26122.0
2010-02-23,43168.0
2010-02-24,48616.0
2010-02-25,41639.0
2010-02-26,64156.0
2010-03-01,44646.0
2010-03-02,40522.0
2010-03-03,38480.0
2010-03-04,54162.0
2010-03-05,52895.0
2010-03-08,66688.0
2010-03-09,84163.0
2010-03-10,88316.0
2010-03-11,87061.0
2010-03-12,64337.0
2010-03-15,78545.0
2010-03-16,77008.0
2010-03-17,88684.0
2010-03-18,77196.0
2010-03-19,78097.0
2010-03-22,27019.0
2010-03-23,31074.0
2010-03-24,47375.0
2010-03-25,52099.0
2010-03-26,41373.0
2010-03-29,40898.0
2010-03-30,41798.0
2010-03-31,56282.0
2010-04-01,56106.0
2010-04-05,52166.0
2010-04-06,60799.0
2010-04-07,87059.0
2010-04-08,89376.0
2010-04-09,143907.0
2010-04-12,148868.0
2010-04-13,191489.0
2010-04-14,150042.0
2010-04-15,104675.0
2010-04-16,97813.0
2010-04-19,64510.0
2010-04-20,22705.0
2010-04-21,102059.0
2010-04-22,85743.0
2010-04-23,51996.0
2010-04-26,83349.0
2010-04-27,88846.0
2010-04-28,86367.0
2010-04-29,104221.0
2010-04-30,103790.0
2010-05-03,88990.0
2010-05-04,116337.0
2010-05-05,89919.0
2010-05-06,118492.0
2010-05-07,123066.0
2010-05-10,101134.0
2010-05-11,115759.0
2010-05-12,159355.0
2010-05-13,179197.0
2010-05-14,81829.0
2010-05-17,81091.0
2010-05-18,78471.0
2010-05-19,64550.0
2010-05-20,26026.0
2010-05-21,66925.0
2010-05-24,48214.0
2010-05-25,55255.0
2010-05-26,71926.0
2010-05-27,79710.0
2010-05-28,50880.0
2010-06-01,68991.0
2010-06-02,75146.0
2010-06-03,94150.0
2010-06-04,83104.0
2010-06-07,96845.0
2010-06-08,101468.0
2010-06-09,109686.0
2010-06-10,106906.0
2010-06-11,125822.0
2010-06-14,77410.0
2010-06-15,71854.0
2010-06-16,83808.0
2010-06-17,94608.0
2010-06-18,56235.0
2010-06-21,57498.0
2010-06-22,19306.0
2010-06-23,59673.0
2010-06-24,32100.0
2010-06-25,38662.0
2010-06-28,30561.0
2010-06-29,36595.0
2010-06-30,56446.0
2010-07-01,53973.0
2010-07-02,37426.0
2010-07-06,54129.0
2010-07-07,53550.0
2010-07-08,71008.0
2010-07-09,61238.0
2010-07-12,84170.0
2010-07-13,105862.0
2010-07-14,100277.0
2010-07-15,117736.0
2010-07-16,74983.0
2010-07-19,82342.0
2010-07-20,27591.0
2010-07-21,42889.0
2010-07-22,48241.0
2010-07-23,23198.0
2010-07-26,20119.0
2010-07-27,38495.0
2010-07-28,54788.0
2010-07-29,54510.0
2010-07-30,29144.0
2010-08-02,44700.0
2010-08-03,47273.0
2010-08-04,51860.0
2010-08-05,49361.0
2010-08-06,74290.0
2010-08-09,66670.0
2010-08-10,86335.0
2010-08-11,101413.0
2010-08-12,108848.0
2010-08-13,52864.0
2010-08-16,50255.0
2010-08-17,112803.0
2010-08-18,85944.0
2010-08-19,59246.0
2010-08-20,25627.0
2010-08-23,33740.0
2010-08-24,61565.0
2010-08-25,54638.0
2010-08-26,73636.0
2010-08-27,120216.0
2010-08-30,63898.0
2010-08-31,102051.0
2010-09-01,102622.0
2010-09-02,92197.0
2010-09-03,88069.0
2010-09-07,96380.0
2010-09-08,97137.0
2010-09-09,109800.0
2010-09-10,156846.0
2010-09-13,101933.0
2010-09-14,122920.0
2010-09-15,96804.0
2010-09-16,90233.0
2010-09-17,70042.0
2010-09-20,69324.0
2010-09-21,26882.0
2010-09-22,95433.0
2010-09-23,80644.0
2010-09-24,83018.0
2010-09-27,78544.0
2010-09-28,77260.0
2010-09-29,83352.0
2010-09-30,96549.0
2010-10-01,104825.0
2010-10-04,83904.0
2010-10-05,111474.0
2010-10-06,90653.0
2010-10-07,118784.0
2010-10-08,114530.0
2010-10-11,70695.0
2010-10-12,93137.0
2010-10-13,103228.0
2010-10-14,96862.0
2010-10-15,99756.0
2010-10-18,111872.0
2010-10-19,91025.0
2010-10-20,26799.0
2010-10-21,52044.0
2010-10-22,26742.0
2010-10-25,34513.0
2010-10-26,25921.0
2010-10-27,52155.0
2010-10-28,38661.0
2010-10-29,41933.0
2010-11-01,51993.0
2010-11-02,38521.0
2010-11-03,54331.0
2010-11-04,50101.0
2010-11-05,61468.0
2010-11-08,59609.0
2010-11-09,75702.0
2010-11-10,112007.0
2010-11-11,94818.0
2010-11-12,96914.0
2010-11-15,77255.0
2010-11-16,112188.0
2010-11-17,135388.0
2010-11-18,81999.0
2010-11-19,26670.0
2010-11-22,34136.0
2010-11-23,37673.0
2010-11-24,30141.0
2010-11-26,18331.0
2010-11-29,34401.0
2010-11-30,37280.0
2010-12-01,44014.0
2010-12-02,58202.0
2010-12-03,60236.0
2010-12-06,61952.0
2010-12-07,106821.0
2010-12-08,84336.0
2010-12-09,88551.0
2010-12-10,66792.0
2010-12-13,77560.0
2010-12-14,76751.0
2010-12-15,95127.0
2010-12-16,71680.0
2010-12-17,63432.0
2010-12-20,22371.0
2010-12-21,30647.0
2010-12-22,35214.0
2010-12-23,22941.0
2010-12-27,16398.0
2010-12-28,15330.0
2010-12-29,21169.0
2010-12-30,41689.0
2010-12-31,25295.0
2011-01-03,41376.0
2011-01-04,73761.0
2011-01-05,83166.0
2011-01-06,109629.0
2011-01-07,136827.0
2011-01-10,129246.0
2011-01-11,153797.0
2011-01-12,108935.0
2011-01-13,104579.0
2011-01-14,90469.0
2011-01-18,90999.0
2011-01-19,52155.0
2011-01-20,17565.0
2011-01-21,56756.0
2011-01-24,70260.0
2011-01-25,70948.0
2011-01-26,75908.0
2011-01-27,90810.0
2011-01-28,140175.0
2011-01-31,85627.0
2011-02-01,82125.0
2011-02-02,72403.0
2011-02-03,65905.0
2011-02-04,76153.0
2011-02-07,78881.0
2011-02-08,102535.0
2011-02-09,90220.0
2011-02-10,109072.0
2011-02-11,121214.0
2011-02-14,98203.0
2011-02-15,90466.0
2011-02-16,90732.0
2011-02-17,82893.0
2011-02-18,74583.0
2011-02-22,25523.0
2011-02-23,87783.0
2011-02-24,81545.0
2011-02-25,55060.0
2011-02-28,45398.0
2011-03-01,57466.0
2011-03-02,97021.0
2011-03-03,73819.0
2011-03-04,79142.0
2011-03-07,89876.0
2011-03-08,105033.0
2011-03-09,101235.0
2011-03-10,108591.0
2011-03-11,91751.0
2011-03-14,72289.0
2011-03-15,115088.0
2011-03-16,120184.0
2011-03-17,82289.0
2011-03-18,96599.0
2011-03-21,54247.0
2011-03-22,24969.0
2011-03-23,50348.0
2011-03-24,44544.0
2011-03-25,31759.0
2011-03-28,30387.0
2011-03-29,35636.0
2011-03-30,50257.0
2011-03-31,48247.0
2011-04-01,52712.0
2011-04-04,42585.0
2011-04-05,57777.0
2011-04-06,49944.0
2011-04-07,82624.0
2011-04-08,87152.0
2011-04-11,90357.0
2011-04-12,129860.0
2011-04-13,147921.0
2011-04-14,112965.0
2011-04-15,86600.0
2011-04-18,74639.0
2011-04-19,29103.0
2011-04-20,35399.0
2011-04-21,30948.0
2011-04-25,26697.0
2011-04-26,35970.0
2011-04-27,40906.0
2011-04-28,40003.0
2011-04-29,27591.0
2011-05-02,36497.0
2011-05-03,35749.0
2011-05-04,43033.0
2011-05-05,86184.0
2011-05-06,94850.0
2011-05-09,127168.0
2011-05-10,82336.0
2011-05-11,114629.0
2011-05-12,123925.0
2011-05-13,80409.0
2011-05-16,97863.0
2011-05-17,132543.0
2011-05-18,128241.0
2011-05-19,70030.0
2011-05-20,28583.0
2011-05-23,29380.0
2011-05-24,37943.0
2011-05-25,37431.0
2011-05-26,53958.0
2011-05-27,29941.0
2011-05-31,51062.0
2011-06-01,48912.0
2011-06-02,68348.0
2011-06-03,55165.0
2011-06-06,36618.0
2011-06-07,76636.0
2011-06-08,84719.0
2011-06-09,77265.0
2011-06-10,82996.0
2011-06-13,74973.0
2011-06-14,83211.0
2011-06-15,133898.0
2011-06-16,84723.0
2011-06-17,86959.0
2011-06-20,76327.0
2011-06-21,33988.0
2011-06-22,49263.0
2011-06-23,84668.0
2011-06-24,40091.0
2011-06-27,32606.0
2011-06-28,43214.0
2011-06-29,46444.0
2011-06-30,38542.0
2011-07-01,34939.0
2011-07-05,34810.0
2011-07-06,41116.0
2011-07-07,52177.0
2011-07-08,73663.0
2011-07-11,60920.0
2011-07-12,73632.0
2011-07-13,94062.0
2011-07-14,103972.0
2011-07-15,72595.0
2011-07-18,70817.0
2011-07-19,75157.0
2011-07-20,26210.0
2011-07-21,43066.0
2011-07-22,26601.0
2011-07-25,30298.0
2011-07-26,47493.0
2011-07-27,39738.0
2011-07-28,25084.0
2011-07-29,30488.0
2011-08-01,47478.0
2011-08-02,48992.0
2011-08-03,43658.0
2011-08-04,78204.0
2011-08-05,83109.0
2011-08-08,77089.0
2011-08-09,98546.0
2011-08-10,83596.0
2011-08-11,91636.0
2011-08-12,53590.0
2011-08-15,67043.0
2011-08-16,98067.0
2011-08-17,82186.0
2011-08-18,115714.0
2011-08-19,81445.0
2011-08-22,23513.0
2011-08-23,45126.0
2011-08-24,36937.0
2011-08-25,43341.0
2011-08-26,23109.0
2011-08-29,23722.0
2011-08-30,59088.0
2011-08-31,67479.0
2011-09-01,48063.0
2011-09-02,34004.0
2011-09-06,35062.0
2011-09-07,58788.0
2011-09-08,65350.0
2011-09-09,52587.0
2011-09-12,74739.0
2011-09-13,87412.0
2011-09-14,76381.0
2011-09-15,85545.0
2011-09-16,73993.0
2011-09-19,75875.0
2011-09-20,22838.0
2011-09-21,41730.0
2011-09-22,67932.0
2011-09-23,71533.0
2011-09-26,47361.0
2011-09-27,43342.0
2011-09-28,34551.0
2011-09-29,57283.0
2011-09-30,81080.0
2011-10-03,85145.0
2011-10-04,88225.0
2011-10-05,59673.0
2011-10-06,90509.0
2011-10-07,89654.0
2011-10-10,61745.0
2011-10-11,84533.0
2011-10-12,68351.0
2011-10-13,93300.0
2011-10-14,79500.0
2011-10-17,64931.0
2011-10-18,75930.0
2011-10-19,62530.0
2011-10-20,24968.0
2011-10-21,42180.0
2011-10-24,140294.0
2011-10-25,79839.0
2011-10-26,67910.0
2011-10-27,58701.0
2011-10-28,49919.0
2011-10-31,24092.0
2011-11-01,51798.0
2011-11-02,35848.0
2011-11-03,51565.0
2011-11-04,54625.0
2011-11-07,63898.0
2011-11-08,64612.0
2011-11-09,92201.0
2011-11-10,75362.0
2011-11-11,68455.0
2011-11-14,99882.0
2011-11-15,77835.0
2011-11-16,153266.0
2011-11-17,102794.0
2011-11-18,32975.0
2011-11-21,35984.0
2011-11-22,46075.0
2011-11-23,40315.0
2011-11-25,23818.0
2011-11-28,40661.0
2011-11-29,40546.0
2011-11-30,42113.0
2011-12-01,42454.0
2011-12-02,32133.0
2011-12-05,30040.0
2011-12-06,36853.0
2011-12-07,60145.0
2011-12-08,52282.0
2011-12-09,60139.0
2011-12-12,51745.0
2011-12-13,85843.0
2011-12-14,76944.0
2011-12-15,61218.0
2011-12-16,58298.0
2011-12-19,66645.0
2011-12-20,22153.0
2011-12-21,25570.0
2011-12-22,17209.0
2011-12-23,14305.0
2011-12-27,18156.0
2011-12-28,24414.0
2011-12-29,25382.0
2011-12-30,26064.0
2012-01-03,54410.0
2012-01-04,42786.0
2012-01-05,36866.0
2012-01-06,44498.0
2012-01-09,55440.0
2012-01-10,64595.0
2012-01-11,51689.0
2012-01-12,70094.0
2012-01-13,64725.0
2012-01-17,96541.0
2012-01-18,81755.0
2012-01-19,64944.0
2012-01-20,29573.0
2012-01-23,23301.0
2012-01-24,33267.0
2012-01-25,33548.0
2012-01-26,29679.0
2012-01-27,23442.0
2012-01-30,23444.0
2012-01-31,54960.0
2012-02-01,38851.0
2012-02-02,42491.0
2012-02-03,57795.0
2012-02-06,55091.0
2012-02-07,93352.0
2012-02-08,68761.0
2012-02-09,54656.0
2012-02-10,61665.0
2012-02-13,56945.0
2012-02-14,75885.0
2012-02-15,77326.0
2012-02-16,61430.0
2012-02-17,71515.0
2012-02-21,24907.0
2012-02-22,35384.0
2012-02-23,46577.0
2012-02-24,32997.0
2012-02-27,34101.0
2012-02-28,28523.0
2012-02-29,42137.0
2012-03-01,59025.0
2012-03-02,35972.0
2012-03-05,35696.0
2012-03-06,60348.0
2012-03-07,67811.0
2012-03-08,45847.0
2012-03-09,55958.0
2012-03-12,49844.0
2012-03-13,50647.0
2012-03-14,50327.0
2012-03-15,91809.0
2012-03-16,62300.0
2012-03-19,64911.0
2012-03-20,25196.0
2012-03-21,35054.0
2012-03-22,37425.0
2012-03-23,27756.0
2012-03-26,19233.0
2012-03-27,23201.0
2012-03-28,37475.0
2012-03-29,34703.0
2012-03-30,26733.0
2012-04-02,28783.0
2012-04-03,37703.0
2012-04-04,47670.0
2012-04-05,36195.0
2012-04-09,34357.0
2012-04-10,56045.0
2012-04-11,55274.0
2012-04-12,59392.0
2012-04-13,54807.0
2012-04-16,67084.0
2012-04-17,64060.0
2012-04-18,58936.0
2012-04-19,42786.0
2012-04-20,22620.0
2012-04-23,19467.0
2012-04-24,24636.0
2012-04-25,41007.0
2012-04-26,22798.0
2012-04-27,20376.0
2012-04-30,22743.0
2012-05-01,37805.0
2012-05-02,44207.0
2012-05-03,45068.0
2012-05-04,49324.0
2012-05-07,43658.0
2012-05-08,54306.0
2012-05-09,48477.0
2012-05-10,50865.0
2012-05-11,43656.0
2012-05-14,42668.0
2012-05-15,53537.0
2012-05-16,50882.0
2012-05-17,63190.0
2012-05-18,67930.0
2012-05-21,52164.0
2012-05-22,19963.0
2012-05-23,27527.0
2012-05-24,21827.0
2012-05-25,13290.0
2012-05-29,22251.0
2012-05-30,27339.0
2012-05-31,29763.0
2012-06-01,45312.0
2012-06-04,31274.0
2012-06-05,27115.0
2012-06-06,42392.0
2012-06-07,39354.0
2012-06-08,55564.0
2012-06-11,48236.0
2012-06-12,52293.0
2012-06-13,53947.0
2012-06-14,64734.0
2012-06-15,62846.0
2012-06-18,67153.0
2012-06-19,54949.0
2012-06-20,25257.0
2012-06-21,42320.0
2012-06-22,24676.0
2012-06-25,27800.0
2012-06-26,27830.0
2012-06-27,29393.0
2012-06-28,28055.0
2012-06-29,56787.0
2012-07-02,37010.0
2012-07-03,47035.0
2012-07-05,47881.0
2012-07-06,35575.0
2012-07-09,40355.0
2012-07-10,38298.0
2012-07-11,31938.0
2012-07-12,48527.0
2012-07-13,59641.0
2012-07-16,62498.0
2012-07-17,69030.0
2012-07-18,56759.0
2012-07-19,50154.0
2012-07-20,20641.0
2012-07-23,16290.0
2012-07-24,29164.0
2012-07-25,27803.0
2012-07-26,16016.0
2012-07-27,16451.0
2012-07-30,30752.0
2012-07-31,31175.0
2012-08-01,42160.0
2012-08-02,37796.0
2012-08-03,36371.0
2012-08-06,36079.0
2012-08-07,53318.0
2012-08-08,38873.0
2012-08-09,48576.0
2012-08-10,35230.0
2012-08-13,47407.0
2012-08-14,39717.0
2012-08-15,71787.0
2012-08-16,50630.0
2012-08-17,46130.0
2012-08-20,52121.0
2012-08-21,22599.0
2012-08-22,23931.0
2012-08-23,27964.0
2012-08-24,21980.0
2012-08-27,33260.0
2012-08-28,20111.0
2012-08-29,15751.0
2012-08-30,22173.0
2012-08-31,31147.0
2012-09-04,32041.0
2012-09-05,41496.0
2012-09-06,47776.0
2012-09-07,31510.0
2012-09-10,35979.0
2012-09-11,45925.0
2012-09-12,34729.0
2012-09-13,55219.0
2012-09-14,73144.0
2012-09-17,94906.0
2012-09-18,62666.0
2012-09-19,68572.0
2012-09-20,19455.0
2012-09-21,20497.0
2012-09-24,21746.0
2012-09-25,24643.0
2012-09-26,40674.0
2012-09-27,37690.0
2012-09-28,30981.0
2012-10-01,36224.0
2012-10-02,32266.0
2012-10-03,50195.0
2012-10-04,39063.0
2012-10-05,45180.0
2012-10-08,44238.0
2012-10-09,59949.0
2012-10-10,53521.0
2012-10-11,80913.0
2012-10-12,32847.0
2012-10-15,68211.0
2012-10-16,72835.0
2012-10-17,79860.0
2012-10-18,62339.0
2012-10-19,68204.0
2012-10-22,17432.0
2012-10-23,40037.0
2012-10-24,37599.0
2012-10-25,28097.0
2012-10-26,20306.0
2012-10-29,24873.0
2012-10-30,16429.0
2012-10-31,27449.0
2012-11-01,27720.0
2012-11-02,44921.0
2012-11-05,36987.0
2012-11-06,39618.0
2012-11-07,55254.0
2012-11-08,53682.0
2012-11-09,55172.0
2012-11-12,77584.0
2012-11-13,125896.0
2012-11-14,81695.0
2012-11-15,74407.0
2012-11-16,28726.0
2012-11-19,29994.0
2012-11-20,47629.0
2012-11-21,32091.0
2012-11-23,7123.0
2012-11-26,14759.0
2012-11-27,19601.0
2012-11-28,23502.0
2012-11-29,32247.0
2012-11-30,26157.0
2012-12-03,27725.0
2012-12-04,20302.0
2012-12-05,23881.0
2012-12-06,27740.0
2012-12-07,44176.0
2012-12-10,39826.0
2012-12-11,47276.0
2012-12-12,73173.0
2012-12-13,64145.0
2012-12-14,69259.0
2012-12-17,51866.0
2012-12-18,41744.0
2012-12-19,26413.0
2012-12-20,29514.0
2012-12-21,23930.0
2012-12-24,2849.0
2012-12-26,21077.0
2012-12-27,24726.0
2012-12-28,11064.0
2012-12-31,15925.0
2013-01-02,27868.0
2013-01-03,44870.0
2013-01-04,32285.0
2013-01-07,25548.0
2013-01-08,30207.0
2013-01-09,31137.0
2013-01-10,54379.0
2013-01-11,56495.0
2013-01-14,47610.0
2013-01-15,62044.0
2013-01-16,80769.0
2013-01-17,46041.0
2013-01-18,50596.0
2013-01-22,27369.0
2013-01-23,94736.0
2013-01-24,34437.0
2013-01-25,28935.0
2013-01-28,18457.0
2013-01-29,30516.0
2013-01-30,21832.0
2013-01-31,38100.0
2013-02-01,35140.0
2013-02-04,22368.0
2013-02-05,28346.0
2013-02-06,36888.0
2013-02-07,49842.0
2013-02-08,47395.0
2013-02-11,78019.0
2013-02-12,73833.0
2013-02-13,65832.0
2013-02-14,45577.0
2013-02-15,67827.0
2013-02-19,56961.0
2013-02-20,24003.0
2013-02-21,45496.0
2013-02-22,24575.0
2013-02-25,29194.0
2013-02-26,23230.0
2013-02-27,22497.0
2013-02-28,28849.0
2013-03-01,41300.0
2013-03-04,43925.0
2013-03-05,23097.0
2013-03-06,50434.0
2013-03-07,44327.0
2013-03-08,48014.0
2013-03-11,44046.0
2013-03-12,71628.0
2013-03-13,56707.0
2013-03-14,40655.0
2013-03-15,55062.0
2013-03-18,53285.0
2013-03-19,51797.0
2013-03-20,19611.0
2013-03-21,34142.0
2013-03-22,33015.0
2013-03-25,42892.0
2013-03-26,25537.0
2013-03-27,32419.0
2013-03-28,20138.0
2013-04-01,40022.0
2013-04-02,36092.0
2013-04-03,48630.0
2013-04-04,46411.0
2013-04-05,42651.0
2013-04-08,38743.0
2013-04-09,46437.0
2013-04-10,38938.0
2013-04-11,35646.0
2013-04-12,60448.0
2013-04-15,83530.0
2013-04-16,73460.0
2013-04-17,71920.0
2013-04-18,74331.0
2013-04-19,50754.0
2013-04-22,24004.0
2013-04-23,41949.0
2013-04-24,19245.0
2013-04-25,22876.0
2013-04-26,17087.0
2013-04-29,25848.0
2013-04-30,38934.0
2013-05-01,44912.0
2013-05-02,40028.0
2013-05-03,32937.0
2013-05-06,45510.0
2013-05-07,44579.0
2013-05-08,44807.0
2013-05-09,60485.0
2013-05-10,63762.0
2013-05-13,71214.0
2013-05-14,48139.0
2013-05-15,59188.0
2013-05-16,73636.0
2013-05-17,57537.0
2013-05-20,64026.0
2013-05-21,20001.0
2013-05-22,37764.0
2013-05-23,32335.0
2013-05-24,20522.0
2013-05-28,22988.0
2013-05-29,31199.0
2013-05-30,36953.0
2013-05-31,40688.0
2013-06-03,36304.0
2013-06-04,35659.0
2013-06-05,25428.0
2013-06-06,41944.0
2013-06-07,45437.0
2013-06-10,44256.0
2013-06-11,45873.0
2013-06-12,42902.0
2013-06-13,45616.0
2013-06-14,43286.0
2013-06-17,72119.0
2013-06-18,55346.0
2013-06-19,53953.0
2013-06-20,20106.0
2013-06-21,45439.0
2013-06-24,59735.0
2013-06-25,63911.0
2013-06-26,51281.0
2013-06-27,51156.0
2013-06-28,40659.0
2013-07-01,36076.0
2013-07-02,59173.0
2013-07-03,70409.0
2013-07-05,36684.0
2013-07-08,54467.0
2013-07-09,100308.0
2013-07-10,111391.0
2013-07-11,68243.0
2013-07-12,45079.0
2013-07-15,53058.0
2013-07-16,68274.0
2013-07-17,83313.0
2013-07-18,51754.0
2013-07-19,56355.0
2013-07-22,24750.0
2013-07-23,30270.0
2013-07-24,38083.0
2013-07-25,41016.0
2013-07-26,31972.0
2013-07-29,39109.0
2013-07-30,33377.0
2013-07-31,48842.0
2013-08-01,50026.0
2013-08-02,39183.0
2013-08-05,35949.0
2013-08-06,55543.0
2013-08-07,68784.0
2013-08-08,81689.0
2013-08-09,59112.0
2013-08-12,51664.0
2013-08-13,73613.0
2013-08-14,69929.0
2013-08-15,86475.0
2013-08-16,61207.0
2013-08-19,50711.0
2013-08-20,32989.0
2013-08-21,41735.0
2013-08-22,31107.0
2013-08-23,44642.0
2013-08-26,22231.0
2013-08-27,46462.0
2013-08-28,41854.0
2013-08-29,28544.0
2013-08-30,33253.0
2013-09-03,46949.0
2013-09-04,47285.0
2013-09-05,29178.0
2013-09-06,68040.0
2013-09-09,54982.0
2013-09-10,63763.0
2013-09-11,67852.0
2013-09-12,69537.0
2013-09-13,63469.0
2013-09-16,91485.0
2013-09-17,122611.0
2013-09-18,79840.0
2013-09-19,79636.0
2013-09-20,31635.0
2013-09-23,47071.0
2013-09-24,60736.0
2013-09-25,48987.0
2013-09-26,43974.0
2013-09-27,46747.0
2013-09-30,42353.0
2013-10-01,40504.0
2013-10-02,78237.0
2013-10-03,52594.0
2013-10-04,32757.0
2013-10-07,71921.0
2013-10-08,45780.0
2013-10-09,63545.0
2013-10-10,72189.0
2013-10-11,76225.0
2013-10-14,40983.0
2013-10-15,67417.0
2013-10-16,60651.0
2013-10-17,88646.0
2013-10-18,45254.0
2013-10-21,52638.0
2013-10-22,24198.0
2013-10-23,49850.0
2013-10-24,33234.0
2013-10-25,24337.0
2013-10-28,25480.0
2013-10-29,25841.0
2013-10-30,48911.0
2013-10-31,39952.0
2013-11-01,53690.0
2013-11-04,35261.0
2013-11-05,38514.0
2013-11-06,52073.0
2013-11-07,49033.0
2013-11-08,44773.0
2013-11-11,37126.0
2013-11-12,77176.0
2013-11-13,71736.0
2013-11-14,78118.0
2013-11-15,48991.0
2013-11-18,49668.0
2013-11-19,65815.0
2013-11-20,18834.0
2013-11-21,30966.0
2013-11-22,30505.0
2013-11-25,32304.0
2013-11-26,12389.0
2013-11-27,25150.0
2013-11-29,13319.0
2013-12-02,36131.0
2013-12-03,64703.0
2013-12-04,62208.0
2013-12-05,41424.0
2013-12-06,54691.0
2013-12-09,51827.0
2013-12-10,52395.0
2013-12-11,58996.0
2013-12-12,63772.0
2013-12-13,66277.0
2013-12-16,59270.0
2013-12-17,47601.0
2013-12-18,41019.0
2013-12-19,15580.0
2013-12-20,24490.0
2013-12-23,12935.0
2013-12-24,11328.0
2013-12-26,8127.0
2013-12-27,16678.0
2013-12-30,18431.0
2013-12-31,16759.0
2014-01-02,50252.0
2014-01-03,39983.0
2014-01-06,35200.0
2014-01-07,24249.0
2014-01-08,45678.0
2014-01-09,54701.0
2014-01-10,53027.0
2014-01-13,49521.0
2014-01-14,71559.0
2014-01-15,78352.0
2014-01-16,59313.0
2014-01-17,61571.0
2014-01-21,26703.0
2014-01-22,51907.0
2014-01-23,62905.0
2014-01-24,47409.0
2014-01-27,43677.0
2014-01-28,39595.0
2014-01-29,38380.0
2014-01-30,48849.0
2014-01-31,47824.0
2014-02-03,69796.0
2014-02-04,45555.0
2014-02-05,64535.0
2014-02-06,64604.0
2014-02-07,59033.0
2014-02-10,64797.0
2014-02-11,61022.0
2014-02-12,106126.0
2014-02-13,66990.0
2014-02-14,84689.0
2014-02-18,71628.0
2014-02-19,62369.0
2014-02-20,29149.0
2014-02-21,26205.0
2014-02-24,27520.0
2014-02-25,29271.0
2014-02-26,34441.0
2014-02-27,31049.0
2014-02-28,25118.0
2014-03-03,42766.0
2014-03-04,27283.0
2014-03-05,48974.0
2014-03-06,66339.0
2014-03-07,45038.0
2014-03-10,51253.0
2014-03-11,89718.0
2014-03-12,130797.0
2014-03-13,88537.0
2014-03-14,61561.0
2014-03-17,74350.0
2014-03-18,75450.0
2014-03-19,65761.0
2014-03-20,27412.0
2014-03-21,27634.0
2014-03-24,19228.0
2014-03-25,34336.0
2014-03-26,47153.0
2014-03-27,39247.0
2014-03-28,21163.0
2014-03-31,29017.0
2014-04-01,43273.0
2014-04-02,38017.0
2014-04-03,40472.0
2014-04-04,42765.0
2014-04-07,61830.0
2014-04-08,73384.0
2014-04-09,103647.0
2014-04-10,64643.0
2014-04-11,83637.0
2014-04-14,77120.0
2014-04-15,70062.0
2014-04-16,93194.0
2014-04-17,70507.0
2014-04-21,69572.0
2014-04-22,36076.0
2014-04-23,44905.0
2014-04-24,23007.0
2014-04-25,26333.0
2014-04-28,32002.0
2014-04-29,34551.0
2014-04-30,42621.0
2014-05-01,39213.0
2014-05-02,41209.0
2014-05-05,28320.0
2014-05-06,64802.0
2014-05-07,69048.0
2014-05-08,76749.0
2014-05-09,69259.0
2014-05-12,52965.0
2014-05-13,72653.0
2014-05-14,68314.0
2014-05-15,115891.0
2014-05-16,53595.0
2014-05-19,59040.0
2014-05-20,38470.0
2014-05-21,42994.0
2014-05-22,27783.0
2014-05-23,29066.0
2014-05-27,23322.0
2014-05-28,55197.0
2014-05-29,34849.0
2014-05-30,22705.0
2014-06-02,26951.0
2014-06-03,28237.0
2014-06-04,34289.0
2014-06-05,27454.0
2014-06-06,42063.0
2014-06-09,51332.0
2014-06-10,59976.0
2014-06-11,41968.0
2014-06-12,71752.0
2014-06-13,65071.0
2014-06-16,68810.0
2014-06-17,98753.0
2014-06-18,83388.0
2014-06-19,65521.0
2014-06-20,25939.0
2014-06-23,31655.0
2014-06-24,27530.0
2014-06-25,47368.0
2014-06-26,23436.0
2014-06-27,11289.0
2014-06-30,47795.0
2014-07-01,42163.0
2014-07-02,46257.0
2014-07-03,35474.0
2014-07-07,33710.0
2014-07-08,61355.0
2014-07-09,57452.0
2014-07-10,55265.0
2014-07-11,47712.0
2014-07-14,77223.0
2014-07-15,99970.0
2014-07-16,67596.0
2014-07-17,103059.0
2014-07-18,67983.0
2014-07-21,76519.0
2014-07-22,36141.0
2014-07-23,68558.0
2014-07-24,34142.0
2014-07-25,43452.0
2014-07-28,32679.0
2014-07-29,51883.0
2014-07-30,44153.0
2014-07-31,82205.0
2014-08-01,50510.0
2014-08-04,38104.0
2014-08-05,53699.0
2014-08-06,58188.0
2014-08-07,65002.0
2014-08-08,64307.0
2014-08-11,58721.0
2014-08-12,56647.0
2014-08-13,59924.0
2014-08-14,118532.0
2014-08-15,85934.0
2014-08-18,60027.0
2014-08-19,59280.0
2014-08-20,15281.0
2014-08-21,33171.0
2014-08-22,26997.0
2014-08-25,13903.0
2014-08-26,20780.0
2014-08-27,29677.0
2014-08-28,50671.0
2014-08-29,48306.0
2014-09-02,49967.0
2014-09-03,36209.0
2014-09-04,39866.0
2014-09-05,44398.0
2014-09-08,64028.0
2014-09-09,66969.0
2014-09-10,57253.0
2014-09-11,103541.0
2014-09-12,66444.0
2014-09-15,52127.0
2014-09-16,59696.0
2014-09-17,76794.0
2014-09-18,46186.0
2014-09-19,49468.0
2014-09-22,18389.0
2014-09-23,40437.0
2014-09-24,35070.0
2014-09-25,31186.0
2014-09-26,42256.0
2014-09-29,46380.0
2014-09-30,67658.0
2014-10-01,56784.0
2014-10-02,81767.0
2014-10-03,54122.0
2014-10-06,44976.0
2014-10-07,57704.0
2014-10-08,77262.0
2014-10-09,57336.0
2014-10-10,59191.0
2014-10-13,51227.0
2014-10-14,120977.0
2014-10-15,105377.0
2014-10-16,103780.0
2014-10-17,52163.0
2014-10-20,47910.0
2014-10-21,17616.0
2014-10-22,47742.0
2014-10-23,38267.0
2014-10-24,31724.0
2014-10-27,29316.0
2014-10-28,23844.0
2014-10-29,37870.0
2014-10-30,29887.0
2014-10-31,41432.0
2014-11-03,71981.0
2014-11-04,64635.0
2014-11-05,57205.0
2014-11-06,39633.0
2014-11-07,52234.0
2014-11-10,56225.0
2014-11-11,64716.0
2014-11-12,96015.0
2014-11-13,96944.0
2014-11-14,70136.0
2014-11-17,73279.0
2014-11-18,61062.0
2014-11-19,62014.0
2014-11-20,21541.0
2014-11-21,23361.0
2014-11-24,19041.0
2014-11-25,22647.0
2014-11-26,19669.0
2014-11-28,43345.0
2014-12-01,51217.0
2014-12-02,33244.0
2014-12-03,29474.0
2014-12-04,25981.0
2014-12-05,31480.0
2014-12-08,55241.0
2014-12-09,48544.0
2014-12-10,86084.0
2014-12-11,69930.0
2014-12-12,76221.0
2014-12-15,101363.0
2014-12-16,123836.0
2014-12-17,100370.0
2014-12-18,57169.0
2014-12-19,21848.0
2014-12-22,27174.0
2014-12-23,22330.0
2014-12-24,13862.0
2014-12-26,7717.0
2014-12-29,27321.0
2014-12-30,21309.0
2014-12-31,21225.0
2015-01-02,27124.0
2015-01-05,54517.0
2015-01-06,66616.0
2015-01-07,80174.0
2015-01-08,68943.0
2015-01-09,95088.0
2015-01-12,100817.0
2015-01-13,120047.0
2015-01-14,137070.0
2015-01-15,134623.0
2015-01-16,94354.0
2015-01-20,39200.0
2015-01-21,39899.0
2015-01-22,36680.0
2015-01-23,39510.0
2015-01-26,28034.0
2015-01-27,31537.0
2015-01-28,48861.0
2015-01-29,35048.0
2015-01-30,44814.0
2015-02-02,60791.0
2015-02-03,67729.0
2015-02-04,70531.0
2015-02-05,73593.0
2015-02-06,95067.0
2015-02-09,129144.0
2015-02-10,104366.0
2015-02-11,103021.0
2015-02-12,130738.0
2015-02-13,104086.0
2015-02-17,107934.0
2015-02-18,83947.0
2015-02-19,73826.0
2015-02-20,23828.0
2015-02-23,63512.0
2015-02-24,28628.0
2015-02-25,60862.0
2015-02-26,77169.0
2015-02-27,57912.0
2015-03-02,81908.0
2015-03-03,52290.0
2015-03-04,86462.0
2015-03-05,60312.0
2015-03-06,75435.0
2015-03-09,114188.0
2015-03-10,76746.0
2015-03-11,85985.0
2015-03-12,92817.0
2015-03-13,99433.0
2015-03-16,81637.0
2015-03-17,110273.0
2015-03-18,81589.0
2015-03-19,58709.0
2015-03-20,19972.0
2015-03-23,33818.0
2015-03-24,36245.0
2015-03-25,50546.0
2015-03-26,65738.0
2015-03-27,41027.0
2015-03-30,40048.0
2015-03-31,47298.0
2015-04-01,81831.0
2015-04-02,74241.0
2015-04-06,46084.0
2015-04-07,121401.0
2015-04-08,113210.0
2015-04-09,95597.0
2015-04-10,82415.0
2015-04-13,77760.0
2015-04-14,105839.0
2015-04-15,130972.0
2015-04-16,109146.0
2015-04-17,66947.0
2015-04-20,59097.0
2015-04-21,25550.0
2015-04-22,44610.0
2015-04-23,64111.0
2015-04-24,50627.0
2015-04-27,27508.0
2015-04-28,41225.0
2015-04-29,62265.0
2015-04-30,60220.0
2015-05-01,33712.0
2015-05-04,27982.0
2015-05-05,74989.0
2015-05-06,85431.0
2015-05-07,95152.0
2015-05-08,102663.0
2015-05-11,95751.0
2015-05-12,106868.0
2015-05-13,128326.0
2015-05-14,97684.0
2015-05-15,55109.0
2015-05-18,76024.0
2015-05-19,22502.0
2015-05-20,24753.0
2015-05-21,43574.0
2015-05-22,17839.0
2015-05-26,31709.0
2015-05-27,39993.0
2015-05-28,40732.0
2015-05-29,65437.0
2015-06-01,28780.0
2015-06-02,41362.0
2015-06-03,51115.0
2015-06-04,41244.0
2015-06-05,70998.0
2015-06-08,62206.0
2015-06-09,74578.0
2015-06-10,79432.0
2015-06-11,73283.0
2015-06-12,33444.0
2015-06-15,49064.0
2015-06-16,45468.0
2015-06-17,98669.0
2015-06-18,48121.0
2015-06-19,61503.0
2015-06-22,18439.0
2015-06-23,28245.0
2015-06-24,24234.0
2015-06-25,13262.0
2015-06-26,18475.0
2015-06-29,26758.0
2015-06-30,33127.0
2015-07-01,48692.0
2015-07-02,38032.0
2015-07-06,59774.0
2015-07-07,60858.0
2015-07-08,71253.0
2015-07-09,63420.0
2015-07-10,62053.0
2015-07-13,76015.0
2015-07-14,93142.0
2015-07-15,69938.0
2015-07-16,100299.0
2015-07-17,54178.0
2015-07-20,49102.0
2015-07-21,17275.0
2015-07-22,24390.0
2015-07-23,35971.0
2015-07-24,18473.0
2015-07-27,26295.0
2015-07-28,26521.0
2015-07-29,28686.0
2015-07-30,24473.0
2015-07-31,25365.0
2015-08-03,42121.0
2015-08-04,49002.0
2015-08-05,47238.0
2015-08-06,67688.0
2015-08-07,97925.0
2015-08-10,137425.0
2015-08-11,137078.0
2015-08-12,113572.0
2015-08-13,100100.0
2015-08-14,67148.0
2015-08-17,82747.0
2015-08-18,54979.0
2015-08-19,45424.0
2015-08-20,17619.0
2015-08-21,39709.0
2015-08-24,39548.0
2015-08-25,41787.0
2015-08-26,45423.0
2015-08-27,48544.0
2015-08-28,63766.0
2015-08-31,68499.0
2015-09-01,90495.0
2015-09-02,94273.0
2015-09-03,64932.0
2015-09-04,60856.0
2015-09-08,80198.0
2015-09-09,91076.0
2015-09-10,112078.0
2015-09-11,80105.0
2015-09-14,82774.0
2015-09-15,59839.0
2015-09-16,80891.0
2015-09-17,74073.0
2015-09-18,57576.0
2015-09-21,55663.0
2015-09-22,20352.0
2015-09-23,45281.0
2015-09-24,45258.0
2015-09-25,50464.0
2015-09-28,36533.0
2015-09-29,31661.0
2015-09-30,44030.0
2015-10-01,65563.0
2015-10-02,61922.0
2015-10-05,53274.0
2015-10-06,57374.0
2015-10-07,101188.0
2015-10-08,96902.0
2015-10-09,117113.0
2015-10-12,79119.0
2015-10-13,95725.0
2015-10-14,70397.0
2015-10-15,94600.0
2015-10-16,68175.0
2015-10-19,62955.0
2015-10-20,28933.0
2015-10-21,49363.0
2015-10-22,42657.0
2015-10-23,65098.0
2015-10-26,30252.0
2015-10-27,42144.0
2015-10-28,50474.0
2015-10-29,59154.0
2015-10-30,36546.0
2015-11-02,33546.0
2015-11-03,39345.0
2015-11-04,55171.0
2015-11-05,83657.0
2015-11-06,97043.0
2015-11-09,115398.0
2015-11-10,98500.0
2015-11-11,112726.0
2015-11-12,131659.0
2015-11-13,104662.0
2015-11-16,139925.0
2015-11-17,85329.0
2015-11-18,88194.0
2015-11-19,58842.0
2015-11-20,24247.0
2015-11-23,67316.0
2015-11-24,34330.0
2015-11-25,33818.0
2015-11-27,23050.0
2015-11-30,43683.0
2015-12-01,40713.0
2015-12-02,71598.0
2015-12-03,55861.0
2015-12-04,59295.0
2015-12-07,129640.0
2015-12-08,177632.0
2015-12-09,124560.0
2015-12-10,109780.0
2015-12-11,105043.0
2015-12-14,100772.0
2015-12-15,103515.0
2015-12-16,90176.0
2015-12-17,69177.0
2015-12-18,58501.0
2015-12-21,17244.0
2015-12-22,35551.0
2015-12-23,41739.0
2015-12-24,21880.0
2015-12-28,20941.0
2015-12-29,22590.0
2015-12-30,26091.0
2015-12-31,27519.0
2016-01-04,45530.0
2016-01-05,57657.0
2016-01-06,86892.0
2016-01-07,103467.0
2016-01-08,147511.0
2016-01-11,145006.0
2016-01-12,124260.0
2016-01-13,141141.0
2016-01-14,150567.0
2016-01-15,84409.0
2016-01-19,90147.0
2016-01-20,23487.0
2016-01-21,74742.0
2016-01-22,77311.0
2016-01-25,73998.0
2016-01-26,58108.0
2016-01-27,75467.0
2016-01-28,92052.0
2016-01-29,70844.0
2016-02-01,71792.0
2016-02-02,79585.0
2016-02-03,136297.0
2016-02-04,112836.0
2016-02-05,107663.0
2016-02-08,119622.0
2016-02-09,157495.0
2016-02-10,200974.0
2016-02-11,193421.0
2016-02-12,156810.0
2016-02-16,150204.0
2016-02-17,119991.0
2016-02-18,65150.0
2016-02-19,48740.0
2016-02-22,19982.0
2016-02-23,50990.0
2016-02-24,82450.0
2016-02-25,76073.0
2016-02-26,61628.0
2016-02-29,53392.0
2016-03-01,79966.0
2016-03-02,88044.0
2016-03-03,78708.0
2016-03-04,64697.0
2016-03-07,134534.0
2016-03-08,128256.0
2016-03-09,158083.0
2016-03-10,132602.0
2016-03-11,117731.0
2016-03-14,80084.0
2016-03-15,82495.0
2016-03-16,133855.0
2016-03-17,88540.0
2016-03-18,64179.0
2016-03-21,21430.0
2016-03-22,51177.0
2016-03-23,60952.0
2016-03-24,56327.0
2016-03-28,23725.0
2016-03-29,49479.0
2016-03-30,62487.0
2016-03-31,57416.0
2016-04-01,49260.0
2016-04-04,88310.0
2016-04-05,60305.0
2016-04-06,125909.0
2016-04-07,118099.0
2016-04-08,177014.0
2016-04-11,136040.0
2016-04-12,165005.0
2016-04-13,148084.0
2016-04-14,95057.0
2016-04-15,118135.0
2016-04-18,91190.0
2016-04-19,52844.0
2016-04-20,24580.0
2016-04-21,71295.0
2016-04-22,40831.0
2016-04-25,74100.0
2016-04-26,62488.0
2016-04-27,60046.0
2016-04-28,51614.0
2016-04-29,50080.0
2016-05-02,53094.0
2016-05-03,88328.0
2016-05-04,124323.0
2016-05-05,96167.0
2016-05-06,104723.0
2016-05-09,132138.0
2016-05-10,120911.0
2016-05-11,179906.0
2016-05-12,137687.0
2016-05-13,71072.0
2016-05-16,97041.0
2016-05-17,94818.0
2016-05-18,101919.0
2016-05-19,56232.0
2016-05-20,25997.0
2016-05-23,42791.0
2016-05-24,46976.0
2016-05-25,46311.0
2016-05-26,39793.0
2016-05-27,27503.0
2016-05-31,35934.0
2016-06-01,64946.0
2016-06-02,45093.0
2016-06-03,32214.0
2016-06-06,50537.0
2016-06-07,107581.0
2016-06-08,130822.0
2016-06-09,108189.0
2016-06-10,111913.0
2016-06-13,84033.0
2016-06-14,114220.0
2016-06-15,106814.0
2016-06-16,117672.0
2016-06-17,72901.0
2016-06-20,48659.0
2016-06-21,24220.0
2016-06-22,59851.0
2016-06-23,42141.0
2016-06-24,50592.0
2016-06-27,41866.0
2016-06-28,59616.0
2016-06-29,63322.0
2016-06-30,60680.0
2016-07-01,44250.0
2016-07-05,61497.0
2016-07-06,83983.0
2016-07-07,81558.0
2016-07-08,103264.0
2016-07-11,102823.0
2016-07-12,139363.0
2016-07-13,157243.0
2016-07-14,145967.0
2016-07-15,91628.0
2016-07-18,52624.0
2016-07-19,69482.0
2016-07-20,21283.0
2016-07-21,30091.0
2016-07-22,22476.0
2016-07-25,27415.0
2016-07-26,43052.0
2016-07-27,60649.0
2016-07-28,40413.0
2016-07-29,43166.0
2016-08-01,87000.0
2016-08-02,59273.0
2016-08-03,76849.0
2016-08-04,96744.0
2016-08-05,94714.0
2016-08-08,92939.0
2016-08-09,117179.0
2016-08-10,101519.0
2016-08-11,89858.0
2016-08-12,68507.0
2016-08-15,99285.0
2016-08-16,102957.0
2016-08-17,139783.0
2016-08-18,80922.0
2016-08-19,76923.0
2016-08-22,25254.0
2016-08-23,40258.0
2016-08-24,56201.0
2016-08-25,37370.0
2016-08-26,49200.0
2016-08-29,17882.0
2016-08-30,48348.0
2016-08-31,57923.0
2016-09-01,67825.0
2016-09-02,45178.0
2016-09-06,102329.0
2016-09-07,56609.0
2016-09-08,130724.0
2016-09-09,153138.0
2016-09-12,184059.0
2016-09-13,146737.0
2016-09-14,145737.0
2016-09-15,136320.0
2016-09-16,77117.0
2016-09-19,66745.0
2016-09-20,27956.0
2016-09-21,97488.0
2016-09-22,69675.0
2016-09-23,67364.0
2016-09-26,46677.0
2016-09-27,53574.0
2016-09-28,116880.0
2016-09-29,85971.0
2016-09-30,47914.0
2016-10-03,44077.0
2016-10-04,64296.0
2016-10-05,76653.0
2016-10-06,99436.0
2016-10-07,111799.0
2016-10-10,151859.0
2016-10-11,204281.0
2016-10-12,123503.0
2016-10-13,211847.0
2016-10-14,139686.0
2016-10-17,118616.0
2016-10-18,76665.0
2016-10-19,73240.0
2016-10-20,16284.0
2016-10-21,91733.0
2016-10-24,104083.0
2016-10-25,63956.0
2016-10-26,59746.0
2016-10-27,49317.0
2016-10-28,35120.0
2016-10-31,68558.0
2016-11-01,124394.0
2016-11-02,70570.0
2016-11-03,41494.0
2016-11-04,90801.0
2016-11-07,116135.0
2016-11-08,134461.0
2016-11-09,200477.0
2016-11-10,146600.0
2016-11-11,151112.0
2016-11-14,192926.0
2016-11-15,169832.0
2016-11-16,142365.0
2016-11-17,77577.0
2016-11-18,75026.0
2016-11-21,25562.0
2016-11-22,89911.0
2016-11-23,51229.0
2016-11-25,28464.0
2016-11-28,64364.0
2016-11-29,87938.0
2016-11-30,147339.0
2016-12-01,129464.0
2016-12-02,67891.0
2016-12-05,90298.0
2016-12-06,80249.0
2016-12-07,153903.0
2016-12-08,162344.0
2016-12-09,135077.0
2016-12-12,160651.0
2016-12-13,127136.0
2016-12-14,126815.0
2016-12-15,121680.0
2016-12-16,77362.0
2016-12-19,61460.0
2016-12-20,15362.0
2016-12-21,65773.0
2016-12-22,30109.0
2016-12-23,17625.0
2016-12-27,23671.0
2016-12-28,24773.0
2016-12-29,53282.0
2016-12-30,28439.0
2017-01-03,84520.0
2017-01-04,63262.0
2017-01-05,59278.0
2017-01-06,86263.0
2017-01-09,107415.0
2017-01-10,112956.0
2017-01-11,164416.0
2017-01-12,189962.0
2017-01-13,105054.0
2017-01-17,139738.0
2017-01-18,75710.0
2017-01-19,55836.0
2017-01-20,21000.0
2017-01-23,47546.0
2017-01-24,64247.0
2017-01-25,80003.0
2017-01-26,70171.0
2017-01-27,42035.0
2017-01-30,72908.0
2017-01-31,108974.0
2017-02-01,62035.0
2017-02-02,43171.0
2017-02-03,48062.0
2017-02-06,39509.0
2017-02-07,95202.0
2017-02-08,166431.0
2017-02-09,159488.0
2017-02-10,119263.0
2017-02-13,145088.0
2017-02-14,130164.0
2017-02-15,97519.0
2017-02-16,106365.0
2017-02-17,81445.0
2017-02-21,32179.0
2017-02-22,56376.0
2017-02-23,41745.0
2017-02-24,35772.0
2017-02-27,60949.0
2017-02-28,77918.0
2017-03-01,50007.0
2017-03-02,72119.0
2017-03-03,42583.0
2017-03-06,100272.0
2017-03-07,78498.0
2017-03-08,124265.0
2017-03-09,154450.0
2017-03-10,111045.0
2017-03-13,99033.0
2017-03-14,175926.0
2017-03-15,147369.0
2017-03-16,128657.0
2017-03-17,60170.0
2017-03-20,72477.0
2017-03-21,23333.0
2017-03-22,58605.0
2017-03-23,59675.0
2017-03-24,58383.0
2017-03-27,40039.0
2017-03-28,51739.0
2017-03-29,59127.0
2017-03-30,90964.0
2017-03-31,52416.0
2017-04-03,58217.0
2017-04-04,92313.0
2017-04-05,78835.0
2017-04-06,63096.0
2017-04-07,148889.0
2017-04-10,107786.0
2017-04-11,103484.0
2017-04-12,138311.0
2017-04-13,114286.0
2017-04-17,92071.0
2017-04-18,71240.0
2017-04-19,66953.0
2017-04-20,23022.0
2017-04-21,40572.0
2017-04-24,35644.0
2017-04-25,36766.0
2017-04-26,44098.0
2017-04-27,135501.0
2017-04-28,84676.0
2017-05-01,49832.0
2017-05-02,54873.0
2017-05-03,84095.0
2017-05-04,74865.0
2017-05-05,129955.0
2017-05-08,89809.0
2017-05-09,103336.0
2017-05-10,129063.0
2017-05-11,105585.0
2017-05-12,100471.0
2017-05-15,117515.0
2017-05-16,107911.0
2017-05-17,144379.0
2017-05-18,77783.0
2017-05-19,76950.0
2017-05-22,19960.0
2017-05-23,49837.0
2017-05-24,109586.0
2017-05-25,64364.0
2017-05-26,47136.0
2017-05-30,38142.0
2017-05-31,42424.0
2017-06-01,49357.0
2017-06-02,57170.0
2017-06-05,75018.0
2017-06-06,95699.0
2017-06-07,216459.0
2017-06-08,146811.0
2017-06-09,87473.0
2017-06-12,78917.0
2017-06-13,182030.0
2017-06-14,161164.0
2017-06-15,92621.0
2017-06-16,58775.0
2017-06-19,58010.0
2017-06-20,20795.0
2017-06-21,85155.0
2017-06-22,26692.0
2017-06-23,106487.0
2017-06-26,49903.0
2017-06-27,69771.0
2017-06-28,53091.0
2017-06-29,72513.0
2017-06-30,75637.0
2017-07-03,32589.0
2017-07-05,71773.0
2017-07-06,80530.0
2017-07-07,76706.0
2017-07-10,131261.0
2017-07-11,157392.0
2017-07-12,109228.0
2017-07-13,134250.0
2017-07-14,159289.0
2017-07-17,158322.0
2017-07-18,59097.0
2017-07-19,77160.0
2017-07-20,15963.0
2017-07-21,21091.0
2017-07-24,39919.0
2017-07-25,110558.0
2017-07-26,83149.0
2017-07-27,75599.0
2017-07-28,63400.0
2017-07-31,66865.0
2017-08-01,79136.0
2017-08-02,53593.0
2017-08-03,54144.0
2017-08-04,39378.0
2017-08-07,83132.0
2017-08-08,119566.0
2017-08-09,96148.0
2017-08-10,154323.0
2017-08-11,72361.0
2017-08-14,43462.0
2017-08-15,154169.0
2017-08-16,158108.0
2017-08-17,111969.0
2017-08-18,84051.0
2017-08-21,63506.0
2017-08-22,27336.0
2017-08-23,72914.0
2017-08-24,108849.0
2017-08-25,50577.0
2017-08-28,163358.0
2017-08-29,151252.0
2017-08-30,126843.0
2017-08-31,118631.0
2017-09-01,96515.0
2017-09-05,139400.0
2017-09-06,91152.0
2017-09-07,95218.0
2017-09-08,123796.0
2017-09-11,101625.0
2017-09-12,114436.0
2017-09-13,132400.0
2017-09-14,170311.0
2017-09-15,109763.0
2017-09-18,68826.0
2017-09-19,69754.0
2017-09-20,23132.0
2017-09-21,49890.0
2017-09-22,31547.0
2017-09-25,76936.0
2017-09-26,58242.0
2017-09-27,52149.0
2017-09-28,76079.0
2017-09-29,45072.0
2017-10-02,42871.0
2017-10-03,40964.0
2017-10-04,49894.0
2017-10-05,68916.0
2017-10-06,94026.0
2017-10-09,61480.0
2017-10-10,79575.0
2017-10-11,84797.0
2017-10-12,89011.0
2017-10-13,81192.0
2017-10-16,91170.0
2017-10-17,112250.0
2017-10-18,52498.0
2017-10-19,61863.0
2017-10-20,20177.0
2017-10-23,59257.0
2017-10-24,76907.0
2017-10-25,95598.0
2017-10-26,72988.0
2017-10-27,53061.0
2017-10-30,46065.0
2017-10-31,43763.0
2017-11-01,43759.0
2017-11-02,32227.0
2017-11-03,37490.0
2017-11-06,78942.0
2017-11-07,79923.0
2017-11-08,107772.0
2017-11-09,92077.0
2017-11-10,79260.0
2017-11-13,120787.0
2017-11-14,122376.0
2017-11-15,94175.0
2017-11-16,64945.0
2017-11-17,74763.0
2017-11-20,24079.0
2017-11-21,66878.0
2017-11-22,122040.0
2017-11-24,45314.0
2017-11-27,92943.0
2017-11-28,39028.0
2017-11-29,49276.0
2017-11-30,57751.0
2017-12-01,59862.0
2017-12-04,43694.0
2017-12-05,50220.0
2017-12-06,85462.0
2017-12-07,81872.0
2017-12-08,113131.0
2017-12-11,104692.0
2017-12-12,157036.0
2017-12-13,125521.0
2017-12-14,114510.0
2017-12-15,52464.0
2017-12-18,60523.0
2017-12-19,21756.0
2017-12-20,35467.0
2017-12-21,38864.0
2017-12-22,28910.0
2017-12-26,34357.0
2017-12-27,16102.0
2017-12-28,24314.0
2017-12-29,39981.0
2018-01-02,52977.0
2018-01-03,142964.0
2018-01-04,116621.0
2018-01-05,83225.0
2018-01-08,143068.0
2018-01-09,163294.0
2018-01-10,120756.0
2018-01-11,193902.0
2018-01-12,118301.0
2018-01-16,148391.0
2018-01-17,86982.0
2018-01-18,68870.0
2018-01-19,63602.0
2018-01-22,26718.0
2018-01-23,64671.0
2018-01-24,118320.0
2018-01-25,95640.0
2018-01-26,84714.0
2018-01-29,73043.0
2018-01-30,83649.0
2018-01-31,57097.0
2018-02-01,100682.0
2018-02-02,144567.0
2018-02-05,136729.0
2018-02-06,113825.0
2018-02-07,166715.0
2018-02-08,176825.0
2018-02-09,120621.0
2018-02-12,121330.0
2018-02-13,104818.0
2018-02-14,136700.0
2018-02-15,90857.0
2018-02-16,51378.0
2018-02-20,34864.0
2018-02-21,53802.0
2018-02-22,64970.0
2018-02-23,37192.0
2018-02-26,27350.0
2018-02-27,46675.0
2018-02-28,75538.0
2018-03-01,72503.0
2018-03-02,54830.0
2018-03-05,44104.0
2018-03-06,87478.0
2018-03-07,125078.0
2018-03-08,145504.0
2018-03-09,117074.0
2018-03-12,79981.0
2018-03-13,113829.0
2018-03-14,94582.0
2018-03-15,64148.0
2018-03-16,48603.0
2018-03-19,50101.0
2018-03-20,23460.0
2018-03-21,59544.0
2018-03-22,75069.0
2018-03-23,58256.0
2018-03-26,37280.0
2018-03-27,58331.0
2018-03-28,48075.0
2018-03-29,45457.0
2018-04-02,42542.0
2018-04-03,42554.0
2018-04-04,73547.0
2018-04-05,62320.0
2018-04-06,94225.0
2018-04-09,108320.0
2018-04-10,109175.0
2018-04-11,128918.0
2018-04-12,77070.0
2018-04-13,92753.0
2018-04-16,118680.0
2018-04-17,111099.0
2018-04-18,62095.0
2018-04-19,48199.0
2018-04-20,18670.0
2018-04-23,104705.0
2018-04-24,57095.0
2018-04-25,78799.0
2018-04-26,69493.0
2018-04-27,43716.0
2018-04-30,71957.0
2018-05-01,68766.0
2018-05-02,86546.0
2018-05-03,51305.0
2018-05-04,60333.0
2018-05-07,111076.0
2018-05-08,141842.0
2018-05-09,97294.0
2018-05-10,95748.0
2018-05-11,86956.0
2018-05-14,96076.0
2018-05-15,121691.0
2018-05-16,77372.0
2018-05-17,94891.0
2018-05-18,51101.0
2018-05-21,47141.0
2018-05-22,22341.0
2018-05-23,58350.0
2018-05-24,45534.0
2018-05-25,64874.0
2018-05-29,62382.0
2018-05-30,51664.0
2018-05-31,85764.0
2018-06-01,83308.0
2018-06-04,67716.0
2018-06-05,61300.0
2018-06-06,63924.0
2018-06-07,94725.0
2018-06-08,75448.0
2018-06-11,65351.0
2018-06-12,53153.0
2018-06-13,106149.0
2018-06-14,94183.0
2018-06-15,93122.0
2018-06-18,78523.0
2018-06-19,49984.0
2018-06-20,21458.0
2018-06-21,118368.0
2018-06-22,243954.0
2018-06-25,138872.0
2018-06-26,94250.0
2018-06-27,82627.0
2018-06-28,71213.0
2018-06-29,49386.0
2018-07-02,74436.0
2018-07-03,62883.0
2018-07-05,60363.0
2018-07-06,62623.0
2018-07-09,63554.0
2018-07-10,81031.0
2018-07-11,100513.0
2018-07-12,99340.0
2018-07-13,85640.0
2018-07-16,82985.0
2018-07-17,81674.0
2018-07-18,51240.0
2018-07-19,55247.0
2018-07-20,13184.0
2018-07-23,50114.0
2018-07-24,34872.0
2018-07-25,47222.0
2018-07-26,31282.0
2018-07-27,45764.0
2018-07-30,46098.0
2018-07-31,47295.0
2018-08-01,50925.0
2018-08-02,43613.0
2018-08-03,29712.0
2018-08-06,56326.0
2018-08-07,57117.0
2018-08-08,113035.0
2018-08-09,74524.0
2018-08-10,78708.0
2018-08-13,75403.0
2018-08-14,65568.0
2018-08-15,87821.0
2018-08-16,72392.0
2018-08-17,44229.0
2018-08-20,56857.0
2018-08-21,16678.0
2018-08-22,26215.0
2018-08-23,33890.0
2018-08-24,39278.0
2018-08-27,15986.0
2018-08-28,30487.0
2018-08-29,25313.0
2018-08-30,36627.0
2018-08-31,25377.0
2018-09-04,51803.0
2018-09-05,38112.0
2018-09-06,61805.0
2018-09-07,53481.0
2018-09-10,85295.0
2018-09-11,117095.0
2018-09-12,148543.0
2018-09-13,102683.0
2018-09-14,83872.0
2018-09-17,65344.0
2018-09-18,69755.0
2018-09-19,63246.0
2018-09-20,17999.0
2018-09-21,117809.0
2018-09-24,55663.0
2018-09-25,53826.0
2018-09-26,25486.0
2018-09-27,26826.0
2018-09-28,35083.0
2018-10-01,38710.0
2018-10-02,30284.0
2018-10-03,54604.0
2018-10-04,100325.0
2018-10-05,58880.0
2018-10-08,62105.0
2018-10-09,81651.0
2018-10-10,81799.0
2018-10-11,98753.0
2018-10-12,87331.0
2018-10-15,71989.0
2018-10-16,80433.0
2018-10-17,138544.0
2018-10-18,57158.0
2018-10-19,40968.0
2018-10-22,14158.0
2018-10-23,44862.0
2018-10-24,51827.0
2018-10-25,40357.0
2018-10-26,27572.0
2018-10-29,19768.0
2018-10-30,38570.0
2018-10-31,53563.0
2018-11-01,46538.0
2018-11-02,50005.0
2018-11-05,44130.0
2018-11-06,68783.0
2018-11-07,89763.0
2018-11-08,82423.0
2018-11-09,105612.0
2018-11-12,107013.0
2018-11-13,142181.0
2018-11-14,114143.0
2018-11-15,73936.0
2018-11-16,51741.0
2018-11-19,21437.0
2018-11-20,44641.0
2018-11-21,26177.0
2018-11-23,29826.0
2018-11-26,29153.0
2018-11-27,23148.0
2018-11-28,39151.0
2018-11-29,28503.0
2018-11-30,35631.0
2018-12-03,53434.0
2018-12-04,57311.0
2018-12-05,45175.0
2018-12-06,67474.0
2018-12-07,89176.0
2018-12-10,75834.0
2018-12-11,84031.0
2018-12-12,92140.0
2018-12-13,85333.0
2018-12-14,70661.0
2018-12-17,70451.0
2018-12-18,53193.0
2018-12-19,23110.0
2018-12-20,34663.0
2018-12-21,39395.0
2018-12-24,19007.0
2018-12-26,36899.0
2018-12-27,26396.0
2018-12-28,26258.0
2018-12-31,24651.0
2019-01-02,51301.0
2019-01-03,50990.0
2019-01-04,64637.0
2019-01-07,77029.0
2019-01-08,86249.0
2019-01-09,96715.0
2019-01-10,74959.0
2019-01-11,82058.0
2019-01-14,100448.0
2019-01-15,73021.0
2019-01-16,94942.0
2019-01-17,78646.0
2019-01-18,70815.0
2019-01-22,29480.0
2019-01-23,32816.0
2019-01-24,34963.0
2019-01-25,28336.0
2019-01-28,32796.0
2019-01-29,34084.0
2019-01-30,58224.0
2019-01-31,60625.0
2019-02-01,32877.0
2019-02-04,41802.0
2019-02-05,34938.0
2019-02-06,51935.0
2019-02-07,92187.0
2019-02-08,80682.0
2019-02-11,121855.0
2019-02-12,93339.0
2019-02-13,127054.0
2019-02-14,96175.0
2019-02-15,67399.0
2019-02-19,55774.0
2019-02-20,21298.0
2019-02-21,32965.0
2019-02-22,45990.0
2019-02-25,44529.0
2019-02-26,21481.0
2019-02-27,36188.0
2019-02-28,31242.0
2019-03-01,35578.0
2019-03-04,35074.0
2019-03-05,45596.0
2019-03-06,70624.0
2019-03-07,76877.0
2019-03-08,71239.0
2019-03-11,64847.0
2019-03-12,67433.0
2019-03-13,78671.0
2019-03-14,78222.0
2019-03-15,64398.0
2019-03-18,61987.0
2019-03-19,60862.0
2019-03-20,17858.0
2019-03-21,36679.0
2019-03-22,38377.0
2019-03-25,51684.0
2019-03-26,66026.0
2019-03-27,48285.0
2019-03-28,38908.0
2019-03-29,46818.0
2019-04-01,56870.0
2019-04-02,134793.0
2019-04-03,75318.0
2019-04-04,60545.0
2019-04-05,61437.0
2019-04-08,181274.0
2019-04-09,96460.0
2019-04-10,81679.0
2019-04-11,101993.0
2019-04-12,71776.0
2019-04-15,80705.0
2019-04-16,67261.0
2019-04-17,73795.0
2019-04-18,58252.0
2019-04-22,19006.0
2019-04-23,49692.0
2019-04-24,50403.0
2019-04-25,31899.0
2019-04-26,33247.0
2019-04-29,38398.0
2019-04-30,34294.0
2019-05-01,26801.0
2019-05-02,40423.0
2019-05-03,28484.0
2019-05-06,37162.0
2019-05-07,66216.0
2019-05-08,58944.0
2019-05-09,58241.0
2019-05-10,67942.0
2019-05-13,87838.0
2019-05-14,71411.0
2019-05-15,93986.0
2019-05-16,79042.0
2019-05-17,59800.0
2019-05-20,51115.0
2019-05-21,16741.0
2019-05-22,41420.0
2019-05-23,60827.0
2019-05-24,27648.0
2019-05-28,126426.0
2019-05-29,191233.0
2019-05-30,49809.0
2019-05-31,54570.0
2019-06-03,58618.0
2019-06-04,48085.0
2019-06-05,52180.0
2019-06-06,48304.0
2019-06-07,63133.0
2019-06-10,56626.0
2019-06-11,63875.0
2019-06-12,82974.0
2019-06-13,111679.0
2019-06-14,65581.0
2019-06-17,56653.0
2019-06-18,46291.0
2019-06-19,54976.0
2019-06-20,16048.0
2019-06-21,33373.0
2019-06-24,37012.0
2019-06-25,32723.0
2019-06-26,41802.0
2019-06-27,28679.0
2019-06-28,22528.0
2019-07-01,34808.0
2019-07-02,46391.0
2019-07-03,44040.0
2019-07-05,31146.0
2019-07-08,48490.0
2019-07-09,48185.0
2019-07-10,89127.0
2019-07-11,76133.0
2019-07-12,63502.0
2019-07-15,77911.0
2019-07-16,97576.0
2019-07-17,77350.0
2019-07-18,63123.0
2019-07-19,43741.0
2019-07-22,15030.0
2019-07-23,24384.0
2019-07-24,52705.0
2019-07-25,44962.0
2019-07-26,25950.0
2019-07-29,30423.0
2019-07-30,42439.0
2019-07-31,50527.0
2019-08-01,62112.0
2019-08-02,71844.0
2019-08-05,104210.0
2019-08-06,88331.0
2019-08-07,117674.0
2019-08-08,120024.0
2019-08-09,102363.0
2019-08-12,108057.0
2019-08-13,127728.0
2019-08-14,111837.0
2019-08-15,94643.0
2019-08-16,47987.0
2019-08-19,47833.0
2019-08-20,26558.0
2019-08-21,75457.0
2019-08-22,42276.0
2019-08-23,43051.0
2019-08-26,36677.0
2019-08-27,34353.0
2019-08-28,57438.0
2019-08-29,51166.0
2019-08-30,47044.0
2019-09-03,61192.0
2019-09-04,40367.0
2019-09-05,36581.0
2019-09-06,66471.0
2019-09-09,66461.0
2019-09-10,60082.0
2019-09-11,87541.0
2019-09-12,90183.0
2019-09-13,97665.0
2019-09-16,220821.0
2019-09-17,156083.0
2019-09-18,70752.0
2019-09-19,49665.0
2019-09-20,17672.0
2019-09-23,39378.0
2019-09-24,41371.0
2019-09-25,33880.0
2019-09-26,52201.0
2019-09-27,54759.0
2019-09-30,44845.0
2019-10-01,46772.0
2019-10-02,49240.0
2019-10-03,47208.0
2019-10-04,35065.0
2019-10-07,75638.0
2019-10-08,98583.0
2019-10-09,81988.0
2019-10-10,78958.0
2019-10-11,149772.0
2019-10-14,51740.0
2019-10-15,68353.0
2019-10-16,73024.0
2019-10-17,77105.0
2019-10-18,62243.0
2019-10-21,43258.0
2019-10-22,20243.0
2019-10-23,50248.0
2019-10-24,32663.0
2019-10-25,18297.0
2019-10-28,24976.0
2019-10-29,40530.0
2019-10-30,98884.0
2019-10-31,71556.0
2019-11-01,31563.0
2019-11-04,44943.0
2019-11-05,30121.0
2019-11-06,46184.0
2019-11-07,109638.0
2019-11-08,70310.0
2019-11-11,72411.0
2019-11-12,93836.0
2019-11-13,92140.0
2019-11-14,89436.0
2019-11-15,66476.0
2019-11-18,50637.0
2019-11-19,46453.0
2019-11-20,17650.0
2019-11-21,43670.0
2019-11-22,26467.0
2019-11-25,20941.0
2019-11-26,23776.0
2019-11-27,28678.0
2019-11-29,48432.0
2019-12-02,55468.0
2019-12-03,46835.0
2019-12-04,66530.0
2019-12-05,51589.0
2019-12-06,72531.0
2019-12-09,71182.0
2019-12-10,81117.0
2019-12-11,90779.0
2019-12-12,66486.0
2019-12-13,76948.0
2019-12-16,72307.0
2019-12-17,57702.0
2019-12-18,58334.0
2019-12-19,17287.0
2019-12-20,94464.0
2019-12-23,30512.0
2019-12-24,11711.0
2019-12-26,13392.0
2019-12-27,24108.0
2019-12-30,33349.0
2019-12-31,30850.0
2020-01-02,34704.0
2020-01-03,77729.0
2020-01-06,61340.0
2020-01-07,67992.0
2020-01-08,175776.0
2020-01-09,105567.0
2020-01-10,100661.0
2020-01-13,125203.0
2020-01-14,94494.0
2020-01-15,70566.0
2020-01-16,51980.0
2020-01-17,37119.0
2020-01-21,31635.0
2020-01-22,54110.0
2020-01-23,50267.0
2020-01-24,22767.0
2020-01-27,28807.0
2020-01-28,32906.0
2020-01-29,36410.0
2020-01-30,38218.0
2020-01-31,44823.0
2020-02-03,68200.0
2020-02-04,66499.0
2020-02-05,60984.0
2020-02-06,50731.0
2020-02-07,110075.0
2020-02-10,79622.0
2020-02-11,112260.0
2020-02-12,106246.0
2020-02-13,113540.0
2020-02-14,87872.0
2020-02-18,63914.0
2020-02-19,46038.0
2020-02-20,14366.0
2020-02-21,53981.0
2020-02-24,47964.0
2020-02-25,47380.0
2020-02-26,57988.0
2020-02-27,61530.0
2020-02-28,67537.0
2020-03-02,61218.0
2020-03-03,71914.0
2020-03-04,58590.0
2020-03-05,57417.0
2020-03-06,147555.0
2020-03-09,271260.0
2020-03-10,134928.0
2020-03-11,113516.0
2020-03-12,177351.0
2020-03-13,112493.0
2020-03-16,132783.0
2020-03-17,108969.0
2020-03-18,104037.0
2020-03-19,60216.0
2020-03-20,14654.0
2020-03-23,74279.0
2020-03-24,67578.0
2020-03-25,61277.0
2020-03-26,82460.0
2020-03-27,81661.0
2020-03-30,105631.0
2020-03-31,73352.0
2020-04-01,111194.0
2020-04-02,157734.0
2020-04-03,91047.0
2020-04-06,79220.0
2020-04-07,118337.0
2020-04-08,125275.0
2020-04-09,144468.0
2020-04-13,128382.0
2020-04-14,149851.0
2020-04-15,88985.0
2020-04-16,90623.0
2020-04-17,79641.0
2020-04-20,98416.0
2020-04-21,10197.0
2020-04-22,214703.0
2020-04-23,137243.0
2020-04-24,111477.0
2020-04-27,90613.0
2020-04-28,224508.0
2020-04-29,95427.0
2020-04-30,87649.0
2020-05-01,73135.0
2020-05-04,55944.0
2020-05-05,85519.0
2020-05-06,83635.0
2020-05-07,79289.0
2020-05-08,53101.0
2020-05-11,52874.0
2020-05-12,66407.0
2020-05-13,53790.0
2020-05-14,62940.0
2020-05-15,56702.0
2020-05-18,47795.0
2020-05-19,16183.0
2020-05-20,41215.0
2020-05-21,38508.0
2020-05-22,40205.0
2020-05-26,36873.0
2020-05-27,37936.0
2020-05-28,47396.0
2020-05-29,46145.0
2020-06-01,36544.0
2020-06-02,30748.0
2020-06-03,54480.0
2020-06-04,33398.0
2020-06-05,42028.0
2020-06-08,43238.0
2020-06-09,40163.0
2020-06-10,37838.0
2020-06-11,60589.0
2020-06-12,52304.0
2020-06-15,66292.0
2020-06-16,63855.0
2020-06-17,62885.0
2020-06-18,38106.0
2020-06-19,29039.0
2020-06-22,16215.0
2020-06-23,24777.0
2020-06-24,50251.0
2020-06-25,35831.0
2020-06-26,33371.0
2020-06-29,39844.0
2020-06-30,52613.0
2020-07-01,41239.0
2020-07-02,48130.0
2020-07-06,39848.0
2020-07-07,24186.0
2020-07-08,39144.0
2020-07-09,56179.0
2020-07-10,67389.0
2020-07-13,77374.0
2020-07-14,81802.0
2020-07-15,73917.0
2020-07-16,59752.0
2020-07-17,35651.0
2020-07-20,30665.0
2020-07-21,14747.0
2020-07-22,43638.0
2020-07-23,46007.0
2020-07-24,27910.0
2020-07-27,43351.0
2020-07-28,29436.0
2020-07-29,51845.0
2020-07-30,61337.0
2020-07-31,36114.0
2020-08-03,37549.0
2020-08-04,84852.0
2020-08-05,75198.0
2020-08-06,40592.0
2020-08-07,60589.0
2020-08-10,65221.0
2020-08-11,71325.0
2020-08-12,82863.0
2020-08-13,78167.0
2020-08-14,91133.0
2020-08-17,44334.0
2020-08-18,37842.0
2020-08-19,28624.0
2020-08-20,15449.0
2020-08-21,25569.0
2020-08-24,37282.0
2020-08-25,31915.0
2020-08-26,29366.0
2020-08-27,35304.0
2020-08-28,43656.0
2020-08-31,27234.0
2020-09-01,41474.0
2020-09-02,33425.0
2020-09-03,36891.0
2020-09-04,37445.0
2020-09-08,108466.0
2020-09-09,78748.0
2020-09-10,80654.0
2020-09-11,69125.0
2020-09-14,84717.0
2020-09-15,78397.0
2020-09-16,93033.0
2020-09-17,65880.0
2020-09-18,24035.0
2020-09-21,24065.0
2020-09-22,12014.0
2020-09-23,18033.0
2020-09-24,20094.0
2020-09-25,23325.0
2020-09-28,17641.0
2020-09-29,47470.0
2020-09-30,54681.0
2020-10-01,51667.0
2020-10-02,41041.0
2020-10-05,48573.0
2020-10-06,73421.0
2020-10-07,115840.0
2020-10-08,112979.0
2020-10-09,66095.0
2020-10-12,60481.0
2020-10-13,102892.0
2020-10-14,101934.0
2020-10-15,42537.0
2020-10-16,37153.0
2020-10-19,40044.0
2020-10-20,14448.0
2020-10-21,33608.0
2020-10-22,39183.0
2020-10-23,25366.0
2020-10-26,37751.0
2020-10-27,34354.0
2020-10-28,57449.0
2020-10-29,66939.0
2020-10-30,36126.0
2020-11-02,59715.0
2020-11-03,66360.0
2020-11-04,61232.0
2020-11-05,35911.0
2020-11-06,85991.0
2020-11-09,109720.0
2020-11-10,80736.0
2020-11-11,76978.0
2020-11-12,52687.0
2020-11-13,72523.0
2020-11-16,76649.0
2020-11-17,60589.0
2020-11-18,30956.0
2020-11-19,27067.0
2020-11-20,13563.0
2020-11-23,27804.0
2020-11-24,46188.0
2020-11-25,33321.0
2020-11-27,15228.0
2020-11-30,24988.0
2020-12-01,19714.0
2020-12-02,28274.0
2020-12-03,25572.0
2020-12-04,33393.0
2020-12-07,54706.0
2020-12-08,62327.0
2020-12-09,63078.0
2020-12-10,79820.0
2020-12-11,94544.0
2020-12-14,102570.0
2020-12-15,86439.0
2020-12-16,77247.0
2020-12-17,30375.0
2020-12-18,34180.0
2020-12-21,15572.0
2020-12-22,20817.0
2020-12-23,24595.0
2020-12-24,8187.0
2020-12-28,18733.0
2020-12-29,18448.0
2020-12-30,22082.0
2020-12-31,16038.0
2021-01-04,59016.0
2021-01-05,87217.0
2021-01-06,73852.0
2021-01-07,64727.0
2021-01-08,119257.0
2021-01-11,70828.0
2021-01-12,94844.0
2021-01-13,117413.0
2021-01-14,119557.0
2021-01-15,61147.0
2021-01-19,57355.0
2021-01-20,17728.0
2021-01-21,65773.0
2021-01-22,41837.0
2021-01-25,39516.0
2021-01-26,33812.0
2021-01-27,61901.0
2021-01-28,47207.0
2021-01-29,36631.0
2021-02-01,52464.0
2021-02-02,63326.0
2021-02-03,62994.0
2021-02-04,59115.0
2021-02-05,72701.0
2021-02-08,72535.0
2021-02-09,116187.0
2021-02-10,86016.0
2021-02-11,83569.0
2021-02-12,105532.0
2021-02-16,139476.0
2021-02-17,67944.0
2021-02-18,36117.0
2021-02-19,41081.0
2021-02-22,15274.0
2021-02-23,67590.0
2021-02-24,55789.0
2021-02-25,85968.0
2021-02-26,34736.0
2021-03-01,62197.0
2021-03-02,39800.0
2021-03-03,54207.0
2021-03-04,75322.0
2021-03-05,102846.0
2021-03-08,81452.0
2021-03-09,132040.0
2021-03-10,80863.0
2021-03-11,95325.0
2021-03-12,68947.0
2021-03-15,51583.0
2021-03-16,52348.0
2021-03-17,39073.0
2021-03-18,43419.0
2021-03-19,34785.0
2021-03-22,15738.0
2021-03-23,95241.0
2021-03-24,37388.0
2021-03-25,53857.0
2021-03-26,54830.0
2021-03-29,36451.0
2021-03-30,42715.0
2021-03-31,41609.0
2021-04-01,58744.0
2021-04-05,41807.0
2021-04-06,73152.0
2021-04-07,47571.0
2021-04-08,93585.0
2021-04-09,90137.0
2021-04-12,66001.0
2021-04-13,67159.0
2021-04-14,88807.0
2021-04-15,66542.0
2021-04-16,36571.0
2021-04-19,24130.0
2021-04-20,18363.0
2021-04-21,44960.0
2021-04-22,32741.0
2021-04-23,44804.0
2021-04-26,38195.0
2021-04-27,40761.0
2021-04-28,45489.0
2021-04-29,37221.0
2021-04-30,77865.0
2021-05-03,27915.0
2021-05-04,43373.0
2021-05-05,65327.0
2021-05-06,34289.0
2021-05-07,57465.0
2021-05-10,76755.0
2021-05-11,77774.0
2021-05-12,102142.0
2021-05-13,96263.0
2021-05-14,77229.0
2021-05-17,57244.0
2021-05-18,65653.0
2021-05-19,39369.0
2021-05-20,14897.0
2021-05-21,80188.0
2021-05-24,62526.0
2021-05-25,103498.0
2021-05-26,47432.0
2021-05-27,45140.0
2021-05-28,60633.0
2021-06-01,48252.0
2021-06-02,37768.0
2021-06-03,41992.0
2021-06-04,43159.0
2021-06-07,73317.0
2021-06-08,66564.0
2021-06-09,67286.0
2021-06-10,75397.0
2021-06-11,176177.0
2021-06-14,65741.0
2021-06-15,56090.0
2021-06-16,80937.0
2021-06-17,81433.0
2021-06-18,57390.0
2021-06-21,65968.0
2021-06-22,15727.0
2021-06-23,70471.0
2021-06-24,58391.0
2021-06-25,58590.0
2021-06-28,37047.0
2021-06-29,49409.0
2021-06-30,66359.0
2021-07-01,112281.0
2021-07-02,57365.0
2021-07-06,86843.0
2021-07-07,90511.0
2021-07-08,119826.0
2021-07-09,91453.0
2021-07-12,103689.0
2021-07-13,139823.0
2021-07-14,128098.0
2021-07-15,95621.0
2021-07-16,49120.0
2021-07-19,39447.0
2021-07-20,14148.0
2021-07-21,56146.0
2021-07-22,55420.0
2021-07-23,30077.0
2021-07-26,43181.0
2021-07-27,43973.0
2021-07-28,45002.0
2021-07-29,43043.0
2021-07-30,42940.0
2021-08-02,53020.0
2021-08-03,79540.0
2021-08-04,115690.0
2021-08-05,68237.0
2021-08-06,141680.0
2021-08-09,114147.0
2021-08-10,92035.0
2021-08-11,111362.0
2021-08-12,93404.0
2021-08-13,51171.0
2021-08-16,54463.0
2021-08-17,60716.0
2021-08-18,44371.0
2021-08-19,31648.0
2021-08-20,16374.0
2021-08-23,36231.0
2021-08-24,29422.0
2021-08-25,38524.0
2021-08-26,33147.0
2021-08-27,41326.0
2021-08-30,58932.0
2021-08-31,33436.0
2021-09-01,38651.0
2021-09-02,46213.0
2021-09-03,32847.0
2021-09-07,51045.0
2021-09-08,78925.0
2021-09-09,113812.0
2021-09-10,99436.0
2021-09-13,83272.0
2021-09-14,112653.0
2021-09-15,89358.0
2021-09-16,65773.0
2021-09-17,49054.0
2021-09-20,33022.0
2021-09-21,24093.0
2021-09-22,50843.0
2021-09-23,78571.0
2021-09-24,60722.0
2021-09-27,85495.0
2021-09-28,63163.0
2021-09-29,63080.0
2021-09-30,97865.0
2021-10-01,58387.0
2021-10-04,70851.0
2021-10-05,93403.0
2021-10-06,55890.0
2021-10-07,100595.0
2021-10-08,198604.0
2021-10-11,187619.0
2021-10-12,161242.0
2021-10-13,134259.0
2021-10-14,105957.0
2021-10-15,56805.0
2021-10-18,56330.0
2021-10-19,37039.0
2021-10-20,17159.0
2021-10-21,70727.0
2021-10-22,56430.0
2021-10-25,107113.0
2021-10-26,80139.0
2021-10-27,48058.0
2021-10-28,47901.0
2021-10-29,72724.0
2021-11-01,58085.0
2021-11-02,55012.0
2021-11-03,63482.0
2021-11-04,84079.0
2021-11-05,70393.0
2021-11-08,59804.0
2021-11-09,100417.0
2021-11-10,84968.0
2021-11-11,68976.0
2021-11-12,52121.0
2021-11-15,44017.0
2021-11-16,47094.0
2021-11-17,54247.0
2021-11-18,27132.0
2021-11-19,17341.0
2021-11-22,42715.0
2021-11-23,56810.0
2021-11-24,30376.0
2021-11-26,84794.0
2021-11-29,64676.0
2021-11-30,58990.0
2021-12-01,56691.0
2021-12-02,68778.0
2021-12-03,44951.0
2021-12-06,37351.0
2021-12-07,69321.0
2021-12-08,62144.0
2021-12-09,57200.0
2021-12-10,71395.0
2021-12-13,89676.0
2021-12-14,64165.0
2021-12-15,49333.0
2021-12-16,48000.0
2021-12-17,32779.0
2021-12-20,16921.0
2021-12-21,36237.0
2021-12-22,35277.0
2021-12-23,38150.0
2021-12-27,25907.0
2021-12-28,22689.0
2021-12-29,27992.0
2021-12-30,19608.0
2021-12-31,20298.0
2022-01-03,45129.0
2022-01-04,52711.0
2022-01-05,74194.0
2022-01-06,98813.0
2022-01-07,95104.0
2022-01-10,71596.0
2022-01-11,114659.0
2022-01-12,96775.0
2022-01-13,100898.0
2022-01-14,85042.0
2022-01-18,50977.0
2022-01-19,58607.0
2022-01-20,15136.0
2022-01-21,80034.0
2022-01-24,67665.0
2022-01-25,119382.0
2022-01-26,80778.0
2022-01-27,65327.0
2022-01-28,65851.0
2022-01-31,65803.0
2022-02-01,71565.0
2022-02-02,79529.0
2022-02-03,102429.0
2022-02-04,72912.0
2022-02-07,117930.0
2022-02-08,73457.0
2022-02-09,106253.0
2022-02-10,98973.0
2022-02-11,111023.0
2022-02-14,72522.0
2022-02-15,72130.0
2022-02-16,79504.0
2022-02-17,55885.0
2022-02-18,65502.0
2022-02-22,25117.0
2022-02-23,48339.0
2022-02-24,116875.0
2022-02-25,56959.0
2022-02-28,72613.0
2022-03-01,116250.0
2022-03-02,74094.0
2022-03-03,73975.0
2022-03-04,66171.0
2022-03-07,90755.0
2022-03-08,93746.0
2022-03-09,107986.0
2022-03-10,84515.0
2022-03-11,71303.0
2022-03-14,67439.0
2022-03-15,72444.0
2022-03-16,60962.0
2022-03-17,62164.0
2022-03-18,32940.0
2022-03-21,34983.0
2022-03-22,13994.0
2022-03-23,42246.0
2022-03-24,46973.0
2022-03-25,43342.0
2022-03-28,47828.0
2022-03-29,48671.0
2022-03-30,38655.0
2022-03-31,76181.0
2022-04-01,51736.0
2022-04-04,45650.0
2022-04-05,39826.0
2022-04-06,66994.0
2022-04-07,70396.0
2022-04-08,61132.0
2022-04-11,62542.0
2022-04-12,65056.0
2022-04-13,68218.0
2022-04-14,52139.0
2022-04-18,28369.0
2022-04-19,34032.0
2022-04-20,10301.0
2022-04-21,36510.0
2022-04-22,30570.0
2022-04-25,44824.0
2022-04-26,54283.0
2022-04-27,41866.0
2022-04-28,53391.0
2022-04-29,47366.0
2022-05-02,39421.0
2022-05-03,40405.0
2022-05-04,44515.0
2022-05-05,44242.0
2022-05-06,61971.0
2022-05-09,71058.0
2022-05-10,74648.0
2022-05-11,94180.0
2022-05-12,84697.0
2022-05-13,50760.0
2022-05-16,67490.0
2022-05-17,67284.0
2022-05-18,42763.0
2022-05-19,28246.0
2022-05-20,10422.0
2022-05-23,32145.0
2022-05-24,28565.0
2022-05-25,26819.0
2022-05-26,37673.0
2022-05-27,28670.0
2022-05-31,50493.0
2022-06-01,45925.0
2022-06-02,52331.0
2022-06-03,34527.0
2022-06-06,38021.0
2022-06-07,73904.0
2022-06-08,58874.0
2022-06-09,54190.0
2022-06-10,58130.0
2022-06-13,65081.0
2022-06-14,80251.0
2022-06-15,68959.0
2022-06-16,51129.0
2022-06-17,51105.0
2022-06-21,16159.0
2022-06-22,65353.0
2022-06-23,60823.0
2022-06-24,56740.0
2022-06-27,38751.0
2022-06-28,54745.0
2022-06-29,45325.0
2022-06-30,61170.0
2022-07-01,48705.0
2022-07-05,74145.0
2022-07-06,69717.0
2022-07-07,64067.0
2022-07-08,56068.0
2022-07-11,59494.0
2022-07-12,83581.0
2022-07-13,81720.0
2022-07-14,98789.0
2022-07-15,55199.0
2022-07-18,31251.0
2022-07-19,26731.0
2022-07-20,15596.0
2022-07-21,44209.0
2022-07-22,44019.0
2022-07-25,34100.0
2022-07-26,39067.0
2022-07-27,51561.0
2022-07-28,41986.0
2022-07-29,51227.0
2022-08-01,62579.0
2022-08-02,52455.0
2022-08-03,60302.0
2022-08-04,49445.0
2022-08-05,58130.0
2022-08-08,57342.0
2022-08-09,53224.0
2022-08-10,60061.0
2022-08-11,74253.0
2022-08-12,48505.0
2022-08-15,48882.0
2022-08-16,63731.0
2022-08-17,49602.0
2022-08-18,28144.0
2022-08-19,23576.0
2022-08-22,11460.0
2022-08-23,38713.0
2022-08-24,37956.0
2022-08-25,39467.0
2022-08-26,48221.0
2022-08-29,39037.0
2022-08-30,48582.0
2022-08-31,41221.0
2022-09-01,30598.0
2022-09-02,30937.0
2022-09-06,39584.0
2022-09-07,49720.0
2022-09-08,55650.0
2022-09-09,56240.0
2022-09-12,53661.0
2022-09-13,71188.0
2022-09-14,75849.0
2022-09-15,60178.0
2022-09-16,33323.0
2022-09-19,26039.0
2022-09-20,14795.0
2022-09-21,54125.0
2022-09-22,42652.0
2022-09-23,44139.0
2022-09-26,33138.0
2022-09-27,41792.0
2022-09-28,63350.0
2022-09-29,50304.0
2022-09-30,28889.0
2022-10-03,43628.0
2022-10-04,53874.0
2022-10-05,55699.0
2022-10-06,41348.0
2022-10-07,119524.0
2022-10-10,65503.0
2022-10-11,76781.0
2022-10-12,88155.0
2022-10-13,73455.0
2022-10-14,49305.0
2022-10-17,40102.0
2022-10-18,44471.0
2022-10-19,27982.0
2022-10-20,10624.0
2022-10-21,37524.0
2022-10-24,22193.0
2022-10-25,30290.0
2022-10-26,35675.0
2022-10-27,57184.0
2022-10-28,34586.0
2022-10-31,39292.0
2022-11-01,35379.0
2022-11-02,32653.0
2022-11-03,35900.0
2022-11-04,41561.0
2022-11-07,58415.0
2022-11-08,71160.0
2022-11-09,77870.0
2022-11-10,61465.0
2022-11-11,54653.0
2022-11-14,64466.0
2022-11-15,83260.0
2022-11-16,61609.0
2022-11-17,60113.0
2022-11-18,47040.0
2022-11-21,10795.0
2022-11-22,30006.0
2022-11-23,53267.0
2022-11-25,22537.0
2022-11-28,52234.0
2022-11-29,46107.0
2022-11-30,36519.0
2022-12-01,50963.0
2022-12-02,35324.0
2022-12-05,39582.0
2022-12-06,47298.0
2022-12-07,62026.0
2022-12-08,106576.0
2022-12-09,64870.0
2022-12-12,69449.0
2022-12-13,80911.0
2022-12-14,64425.0
2022-12-15,56706.0
2022-12-16,36405.0
2022-12-19,30278.0
2022-12-20,11469.0
2022-12-21,25115.0
2022-12-22,21825.0
2022-12-23,37138.0
2022-12-27,24656.0
2022-12-28,21790.0
2022-12-29,18675.0
2022-12-30,28864.0
2023-01-03,61894.0
2023-01-04,59346.0
2023-01-05,39810.0
2023-01-06,34455.0
2023-01-09,62448.0
2023-01-10,67025.0
2023-01-11,58453.0
2023-01-12,65432.0
2023-01-13,72066.0
2023-01-17,66718.0
2023-01-18,38034.0
2023-01-19,26129.0
2023-01-20,12202.0
2023-01-23,37337.0
2023-01-24,35304.0
2023-01-25,42276.0
2023-01-26,37751.0
2023-01-27,51129.0
2023-01-30,44256.0
2023-01-31,32927.0
2023-02-01,37279.0
2023-02-02,33306.0
2023-02-03,43357.0
2023-02-06,47013.0
2023-02-07,75718.0
2023-02-08,62485.0
2023-02-09,57003.0
2023-02-10,55445.0
2023-02-13,60871.0
2023-02-14,71219.0
2023-02-15,53514.0
2023-02-16,38148.0
2023-02-17,36839.0
2023-02-21,18213.0
2023-02-22,41267.0
2023-02-23,39181.0
2023-02-24,40747.0
2023-02-27,35599.0
2023-02-28,33790.0
2023-03-01,37548.0
2023-03-02,23297.0
2023-03-03,34515.0
2023-03-06,26150.0
2023-03-07,79345.0
2023-03-08,54926.0
2023-03-09,66673.0
2023-03-10,68234.0
2023-03-13,62932.0
2023-03-14,89617.0
2023-03-15,116638.0
2023-03-16,68426.0
2023-03-17,63697.0
2023-03-20,28524.0
2023-03-21,14559.0
2023-03-22,70424.0
2023-03-23,70238.0
2023-03-24,65522.0
2023-03-27,40836.0
2023-03-28,49041.0
2023-03-29,48758.0
2023-03-30,34617.0
2023-03-31,46456.0
2023-04-03,102407.0
2023-04-04,42039.0
2023-04-05,32721.0
2023-04-06,37005.0
2023-04-10,55499.0
2023-04-11,57604.0
2023-04-12,75345.0
2023-04-13,47032.0
2023-04-14,57214.0
2023-04-17,54511.0
2023-04-18,41094.0
2023-04-19,34372.0
2023-04-20,16066.0
2023-04-21,48304.0
2023-04-24,49031.0
2023-04-25,48671.0
2023-04-26,78570.0
2023-04-27,45138.0
2023-04-28,40607.0
2023-05-01,23184.0
2023-05-02,47999.0
2023-05-03,69993.0
2023-05-04,62738.0
2023-05-05,43239.0
2023-05-08,48739.0
2023-05-09,47821.0
2023-05-10,61614.0
2023-05-11,65021.0
2023-05-12,38111.0
2023-05-15,56707.0
2023-05-16,53361.0
2023-05-17,56882.0
2023-05-18,29074.0
2023-05-19,23674.0
2023-05-22,11746.0
2023-05-23,34331.0
2023-05-24,46546.0
2023-05-25,61704.0
2023-05-26,28086.0
2023-05-30,39758.0
2023-05-31,50967.0
2023-06-01,57962.0
2023-06-02,40345.0
2023-06-05,53624.0
2023-06-06,41200.0
2023-06-07,35038.0
2023-06-08,79063.0
2023-06-09,56195.0
2023-06-12,66962.0
2023-06-13,80119.0
2023-06-14,61336.0
2023-06-15,36157.0
2023-06-16,34697.0
2023-06-20,18189.0
2023-06-21,40538.0
2023-06-22,98569.0
2023-06-23,39155.0
2023-06-26,26647.0
2023-06-27,57920.0
2023-06-28,49780.0
2023-06-29,35852.0
2023-06-30,39924.0
2023-07-03,44256.0
2023-07-05,90868.0
2023-07-06,98062.0
2023-07-07,65454.0
2023-07-10,51506.0
2023-07-11,83194.0
2023-07-12,95964.0
2023-07-13,118674.0
2023-07-14,74200.0
2023-07-17,64663.0
2023-07-18,59535.0
2023-07-19,40083.0
2023-07-20,13529.0
2023-07-21,47015.0
2023-07-24,44160.0
2023-07-25,61284.0
2023-07-26,48005.0
2023-07-27,66173.0
2023-07-28,42780.0
2023-07-31,39983.0
2023-08-01,36595.0
2023-08-02,55790.0
2023-08-03,71701.0
2023-08-04,44107.0
2023-08-07,54536.0
2023-08-08,80724.0
2023-08-09,118936.0
2023-08-10,63408.0
2023-08-11,67909.0
2023-08-14,45465.0
2023-08-15,66447.0
2023-08-16,72694.0
2023-08-17,58638.0
2023-08-18,66320.0
2023-08-21,55031.0
2023-08-22,13245.0
2023-08-23,64211.0
2023-08-24,68985.0
2023-08-25,76635.0
2023-08-28,27913.0
2023-08-29,36166.0
2023-08-30,29582.0
2023-08-31,58587.0
2023-09-01,79209.0
2023-09-05,53582.0
2023-09-06,59187.0
2023-09-07,50240.0
2023-09-08,55146.0
2023-09-11,71695.0
2023-09-12,92369.0
2023-09-13,105969.0
2023-09-14,110291.0
2023-09-15,111714.0
2023-09-18,61421.0
2023-09-19,49580.0
2023-09-20,19143.0
2023-09-21,52413.0
2023-09-22,91209.0
2023-09-25,61293.0
2023-09-26,44224.0
2023-09-27,94346.0
2023-09-28,65697.0
2023-09-29,48520.0
2023-10-02,60026.0
2023-10-03,63855.0
2023-10-04,74016.0
2023-10-05,76861.0
2023-10-06,121800.0
2023-10-09,98685.0
2023-10-10,94907.0
2023-10-11,97331.0
2023-10-12,93579.0
2023-10-13,76701.0
2023-10-16,56980.0
2023-10-17,53670.0
2023-10-18,48413.0
2023-10-19,31075.0
2023-10-20,17231.0
2023-10-23,43074.0
2023-10-24,58137.0
2023-10-25,58776.0
2023-10-26,49366.0
2023-10-27,43419.0
2023-10-30,43437.0
2023-10-31,58632.0
2023-11-01,59826.0
2023-11-02,57819.0
2023-11-03,108640.0
2023-11-06,55843.0
2023-11-07,79799.0
2023-11-08,75513.0
2023-11-09,59689.0
2023-11-10,61758.0
2023-11-13,60323.0
2023-11-14,56081.0
2023-11-15,59726.0
2023-11-16,48685.0
2023-11-17,37563.0
2023-11-20,16069.0
2023-11-21,25937.0
2023-11-22,32752.0
2023-11-24,30432.0
2023-11-27,33574.0
2023-11-28,41261.0
2023-11-29,39280.0
2023-11-30,73201.0
2023-12-01,47062.0
2023-12-04,54660.0
2023-12-05,54282.0
2023-12-06,66085.0
2023-12-07,60386.0
2023-12-08,44837.0
2023-12-11,49237.0
2023-12-12,70339.0
2023-12-13,61760.0
2023-12-14,65060.0
2023-12-15,40915.0
2023-12-18,27657.0
2023-12-19,13822.0
2023-12-20,34252.0
2023-12-21,27693.0
2023-12-22,26705.0
2023-12-26,17341.0
2023-12-27,30309.0
2023-12-28,36321.0
2023-12-29,23010.0
2024-01-02,36477.0
2024-01-03,45022.0
2024-01-04,51733.0
2024-01-05,65071.0
2024-01-08,77589.0
2024-01-09,88128.0
2024-01-10,70457.0
2024-01-11,86136.0
2024-01-12,81119.0
2024-01-16,106074.0
2024-01-17,116672.0
2024-01-18,44398.0
2024-01-19,30490.0
2024-01-22,14412.0
2024-01-23,44518.0
2024-01-24,41879.0
2024-01-25,32297.0
2024-01-26,49884.0
2024-01-29,41028.0
2024-01-30,44137.0
2024-01-31,36864.0
2024-02-01,105696.0
2024-02-02,98735.0
2024-02-05,59518.0
2024-02-06,43308.0
2024-02-07,51345.0
2024-02-08,77034.0
2024-02-09,69090.0
2024-02-12,49645.0
2024-02-13,82877.0
2024-02-14,60093.0
2024-02-15,45171.0
2024-02-16,49625.0
2024-02-20,18098.0
2024-02-21,64695.0
2024-02-22,56331.0
2024-02-23,63993.0
2024-02-26,45535.0
2024-02-27,43242.0
2024-02-28,54933.0
2024-02-29,74233.0
2024-03-01,63362.0
2024-03-04,66912.0
2024-03-05,108557.0
2024-03-06,82037.0
2024-03-07,95323.0
2024-03-08,74492.0
2024-03-11,70899.0
2024-03-12,60638.0
2024-03-13,67019.0
2024-03-14,72117.0
2024-03-15,52023.0
2024-03-18,35653.0
2024-03-19,33940.0
2024-03-20,13899.0
2024-03-21,38502.0
2024-03-22,35846.0
2024-03-25,68644.0
2024-03-26,40588.0
2024-03-27,35628.0
2024-03-28,48436.0
2024-04-01,76535.0
2024-04-02,64412.0
2024-04-03,69994.0
2024-04-04,80030.0
2024-04-05,72218.0
2024-04-08,82186.0
2024-04-09,63195.0
2024-04-10,73153.0
2024-04-11,78417.0
2024-04-12,73689.0
2024-04-15,86063.0
2024-04-16,50617.0
2024-04-17,84479.0
2024-04-18,40290.0
2024-04-19,35798.0
2024-04-22,11996.0
2024-04-23,67756.0
2024-04-24,62247.0
2024-04-25,62638.0
2024-04-26,43330.0
2024-04-29,77425.0
2024-04-30,101989.0
2024-05-01,97010.0
2024-05-02,65257.0
2024-05-03,80362.0
2024-05-06,64041.0
2024-05-07,67910.0
2024-05-08,83725.0
2024-05-09,66262.0
2024-05-10,56127.0
2024-05-13,59745.0
2024-05-14,86583.0
2024-05-15,95046.0
2024-05-16,72058.0
2024-05-17,48096.0
2024-05-20,30341.0
2024-05-21,16776.0
2024-05-22,63210.0
2024-05-23,42274.0
2024-05-24,52812.0
2024-05-28,39714.0
2024-05-29,41763.0
2024-05-30,68966.0
2024-05-31,62813.0
2024-06-03,84923.0
2024-06-04,84099.0
2024-06-05,60605.0
2024-06-06,51902.0
2024-06-07,51183.0
2024-06-10,59119.0
2024-06-11,81382.0
2024-06-12,68192.0
2024-06-13,95866.0
2024-06-14,74671.0
2024-06-17,57252.0
2024-06-18,73930.0
2024-06-20,14017.0
2024-06-21,78568.0
2024-06-24,66184.0
2024-06-25,74418.0
2024-06-26,56247.0
2024-06-27,64193.0
2024-06-28,39129.0
2024-07-01,86387.0
2024-07-02,90493.0
2024-07-03,58864.0
2024-07-05,71136.0
2024-07-08,54597.0
2024-07-09,61085.0
2024-07-10,74850.0
2024-07-11,70779.0
2024-07-12,113102.0
2024-07-15,79969.0
2024-07-16,75058.0
2024-07-17,83834.0
2024-07-18,50123.0
2024-07-19,39442.0
2024-07-22,15463.0
2024-07-23,93396.0
2024-07-24,74879.0
2024-07-25,104723.0
2024-07-26,57009.0
2024-07-29,63308.0
2024-07-30,106890.0
2024-07-31,88872.0
2024-08-01,60647.0
2024-08-02,73306.0
2024-08-05,91116.0
2024-08-06,68422.0
2024-08-07,84269.0
2024-08-08,77334.0
2024-08-09,49295.0
2024-08-12,80445.0
2024-08-13,102955.0
2024-08-14,128057.0
2024-08-15,62714.0
2024-08-16,49203.0
2024-08-19,54009.0
2024-08-20,8742.0
2024-08-21,78388.0
2024-08-22,57116.0
2024-08-23,60529.0
2024-08-26,89066.0
2024-08-27,63792.0
2024-08-28,49016.0
2024-08-29,86498.0
2024-08-30,83253.0
2024-09-03,78033.0
2024-09-04,86899.0
2024-09-05,79917.0
2024-09-06,52195.0
2024-09-09,51407.0
2024-09-10,89240.0
2024-09-11,71108.0
2024-09-12,72060.0
2024-09-13,82924.0
2024-09-16,82242.0
2024-09-17,82758.0
2024-09-18,46535.0
2024-09-19,36116.0
2024-09-20,19275.0
2024-09-23,73386.0
2024-09-24,62584.0
2024-09-25,106291.0
2024-09-26,82711.0
2024-09-27,50827.0
2024-09-30,61430.0
2024-10-01,101365.0
2024-10-02,78087.0
2024-10-03,80341.0
2024-10-04,83093.0
2024-10-07,93575.0
2024-10-08,90552.0
2024-10-09,78363.0
2024-10-10,58182.0
2024-10-11,82399.0
2024-10-14,52533.0
2024-10-15,71050.0
2024-10-16,49554.0
2024-10-17,53530.0
2024-10-18,41361.0
2024-10-21,44661.0
2024-10-22,13735.0
2024-10-23,53198.0
2024-10-24,32246.0
2024-10-25,40967.0
2024-10-28,52986.0
2024-10-29,35832.0
2024-10-30,29237.0
2024-10-31,35451.0
2024-11-01,39817.0
2024-11-04,37391.0
2024-11-05,33726.0
2024-11-06,53841.0
2024-11-07,76008.0
2024-11-08,93397.0
2024-11-11,87648.0
2024-11-12,73688.0
2024-11-13,101922.0
2024-11-14,49104.0
2024-11-15,46564.0
2024-11-18,48909.0
2024-11-19,40365.0
2024-11-20,14440.0
2024-11-21,50382.0
2024-11-22,97515.0
2024-11-25,63300.0
2024-11-26,40841.0
2024-11-27,35581.0
2024-11-29,41431.0
2024-12-02,38657.0
2024-12-03,52308.0
2024-12-04,59117.0
2024-12-05,56330.0
2024-12-06,101042.0
2024-12-09,75629.0
2024-12-10,63816.0
2024-12-11,78105.0
2024-12-12,86336.0
2024-12-13,60232.0
2024-12-16,63081.0
2024-12-17,46493.0
2024-12-18,43015.0
2024-12-19,19160.0
2024-12-20,41736.0
2024-12-23,33084.0
2024-12-24,10181.0
2024-12-26,21631.0
2024-12-27,24950.0
2024-12-30,36158.0
2024-12-31,21058.0
2025-01-02,69495.0
2025-01-03,75814.0
2025-01-06,70924.0
2025-01-07,74396.0
2025-01-08,97902.0
2025-01-09,57457.0
2025-01-10,124431.0
2025-01-13,140998.0
2025-01-14,91817.0
2025-01-15,84104.0
2025-01-16,74263.0
2025-01-17,49183.0
2025-01-21,19046.0
2025-01-22,73013.0
2025-01-23,63747.0
2025-01-24,61565.0
2025-01-27,58840.0
2025-01-28,60570.0
2025-01-29,67465.0
2025-01-30,81750.0
2025-01-31,75276.0
2025-02-03,123604.0
2025-02-04,98032.0
2025-02-05,64192.0
2025-02-06,66020.0
2025-02-07,70634.0
2025-02-10,60302.0
2025-02-11,77361.0
2025-02-12,80324.0
2025-02-13,82051.0
2025-02-14,62561.0
2025-02-18,49738.0
2025-02-19,26288.0
2025-02-20,13198.0
2025-02-21,38355.0
2025-02-24,31138.0
2025-02-25,46165.0
2025-02-26,49072.0
2025-02-27,49150.0
2025-02-28,45451.0
2025-03-03,67548.0
2025-03-04,94177.0
2025-03-05,75796.0
2025-03-06,83009.0
2025-03-07,71923.0
2025-03-10,57928.0
2025-03-11,45318.0
2025-03-12,59578.0
2025-03-13,84957.0
2025-03-14,57353.0
2025-03-17,52838.0
2025-03-18,42502.0
2025-03-19,33306.0
2025-03-20,15029.0
2025-03-21,36249.0
2025-03-24,52357.0
2025-03-25,57135.0
2025-03-26,59940.0
2025-03-27,41805.0
2025-03-28,48704.0
2025-03-31,72174.0
2025-04-01,67831.0
2025-04-02,62956.0
2025-04-03,104176.0
2025-04-04,104678.0
2025-04-07,123216.0
2025-04-08,160766.0
2025-04-09,120682.0
2025-04-10,83313.0
2025-04-11,74535.0
2025-04-14,67292.0
2025-04-15,60612.0
2025-04-16,64582.0
2025-04-17,47030.0
2025-04-21,28716.0
2025-04-22,17590.0
2025-04-23,73522.0
2025-04-24,58977.0
2025-04-25,76074.0
2025-04-28,64480.0
2025-04-29,77158.0
2025-04-30,76868.0
2025-05-01,66133.0
2025-05-02,69384.0
2025-05-05,75131.0
2025-05-06,77269.0
2025-05-07,73378.0
2025-05-08,68690.0
2025-05-09,58069.0
2025-05-12,81253.0
2025-05-13,63347.0
2025-05-14,60082.0
2025-05-15,68653.0
2025-05-16,39390.0
2025-05-19,44389.0
2025-05-20,16816.0
2025-05-21,59106.0
2025-05-22,36499.0
2025-05-23,43115.0
2025-05-27,42397.0
2025-05-28,43812.0
2025-05-29,61243.0
2025-05-30,100238.0
2025-06-02,86839.0
2025-06-03,66536.0
2025-06-04,76868.0
2025-06-05,55583.0
2025-06-06,78588.0
2025-06-09,51417.0
2025-06-10,67213.0
2025-06-11,93700.0
2025-06-12,93042.0
2025-06-13,171422.0
2025-06-16,95422.0
2025-06-17,63641.0
2025-06-18,39300.0
2025-06-20,18797.0
2025-06-23,137470.0
2025-06-24,98838.0
2025-06-25,47972.0
2025-06-26,39932.0
2025-06-27,53561.0
2025-06-30,49594.0
2025-07-01,44361.0
2025-07-02,59370.0
2025-07-03,48690.0
2025-07-07,57635.0
2025-07-08,57510.0
2025-07-09,59782.0
2025-07-10,71738.0
2025-07-11,55695.0
2025-07-14,71311.0
2025-07-15,79078.0
2025-07-16,78593.0
2025-07-17,69804.0
2025-07-18,41759.0
2025-07-21,35086.0
2025-07-22,9957.0
2025-07-23,61609.0
2025-07-24,54677.0
2025-07-25,46696.0
2025-07-28,40838.0
2025-07-29,66836.0
2025-07-30,75542.0
2025-07-31,51118.0
2025-08-01,88521.0
2025-08-04,63424.0
2025-08-05,73596.0
2025-08-06,75702.0
